,LOCATION,TIME,Value_PM,Value_MR,Value_CO2,Value_NOx,Value_SOx
0,AUS,2000,7.36613,107.634,17.6,98.775,123.387
1,AUS,2005,6.90976,83.66,18.1,108.74600000000001,124.90100000000001
2,AUS,2010,6.78718,72.271,17.4,105.63600000000001,107.345
3,AUS,2011,6.71166,71.617,17.1,100.62700000000001,111.23899999999999
4,AUS,2012,7.00126,69.955,16.8,106.465,109.946
5,AUS,2013,6.96483,68.95,16.2,107.796,103.821
6,AUS,2014,6.877489999999999,69.42699999999999,15.6,107.098,105.946
7,AUS,2015,6.8475600000000005,69.773,15.6,105.791,99.641
8,AUS,2016,6.8223199999999995,67.036,15.7,106.678,101.618
9,AUS,2017,6.67271,66.038,15.6,108.29899999999999,93.007
10,AUS,2018,6.7411,68.245,15.3,109.319,85.18799999999999
11,AUS,2019,6.7487,70.732,15.3,,
12,AUT,2000,17.42909,490.17199999999997,7.7,25.987,3.904
13,AUT,2005,16.554289999999998,420.38800000000003,9.1,29.609,3.133
14,AUT,2010,15.872060000000001,376.43199999999996,8.2,23.840999999999998,1.896
15,AUT,2011,16.2518,364.81,7.9,22.748,1.788
16,AUT,2012,14.629760000000001,353.11400000000003,7.5,22.016,1.735
17,AUT,2013,14.622079999999999,337.164,7.6,21.778000000000002,1.676
18,AUT,2014,12.9131,319.853,7.1,20.627,1.676
19,AUT,2015,13.452689999999999,307.617,7.1,20.125999999999998,1.599
20,AUT,2016,12.39107,279.303,7.1,19.250999999999998,1.511
21,AUT,2017,12.02271,259.615,7.3,18.147000000000002,1.445
22,AUT,2018,12.3846,259.975,7.0,16.757,1.3119999999999998
23,AUT,2019,12.22494,267.22,7.1,,
24,BEL,2000,17.75129,534.512,11.1,34.235,16.525
25,BEL,2005,15.90076,438.522,10.3,30.18,13.504000000000001
26,BEL,2010,16.982310000000002,432.385,9.5,21.74,5.439
27,BEL,2011,16.24259,417.741,8.4,20.079,4.7589999999999995
28,BEL,2012,15.200679999999998,395.783,8.3,18.958,4.217
29,BEL,2013,14.30519,362.48400000000004,8.4,17.977999999999998,3.803
30,BEL,2014,12.90808,326.122,7.8,17.015,3.5780000000000003
31,BEL,2015,13.265,312.865,8.2,16.974,3.6060000000000003
32,BEL,2016,12.43661,301.233,8.1,15.942,3.498
33,BEL,2017,12.891210000000001,300.176,8.0,14.914000000000001,3.35
34,BEL,2018,12.8198,300.555,8.0,14.369000000000002,3.299
35,BEL,2019,12.7263,302.814,7.9,,
36,CAN,2000,9.20386,178.29,16.4,94.065,78.33
37,CAN,2005,9.020380000000001,160.805,16.7,75.472,67.436
38,CAN,2010,7.9015699999999995,115.786,15.5,61.45399999999999,39.931
39,CAN,2011,7.34895,109.26100000000001,15.7,59.177,36.914
40,CAN,2012,7.610869999999999,104.514,15.5,55.331,36.145
41,CAN,2013,7.28206,100.279,15.6,53.486000000000004,35.263000000000005
42,CAN,2014,7.497999999999999,98.181,15.6,51.69,33.613
43,CAN,2015,7.2834,96.955,15.4,49.258,29.656
44,CAN,2016,6.20744,98.277,15.0,47.126000000000005,28.935
45,CAN,2017,7.278230000000001,99.559,15.1,48.12,26.094
46,CAN,2018,7.07298,102.273,15.3,48.242,21.910999999999998
47,CAN,2019,7.090260000000001,100.68299999999999,15.2,,
48,CZE,2000,21.63619,838.54,11.8,27.246,22.644000000000002
49,CZE,2005,21.15796,767.118,11.6,26.496,20.317
50,CZE,2010,20.61879,700.722,10.7,21.772,15.548
51,CZE,2011,20.92894,693.08,10.4,20.523000000000003,15.857000000000001
52,CZE,2012,19.19432,673.0939999999999,10.1,19.358,15.135
53,CZE,2013,18.86504,649.41,9.6,17.941,13.716
54,CZE,2014,18.3344,612.9780000000001,9.3,17.507,12.694
55,CZE,2015,17.80795,603.457,9.4,16.898,12.199000000000002
56,CZE,2016,16.88553,581.064,9.6,16.092,10.838
57,CZE,2017,16.919179999999997,573.418,9.6,15.74,10.329
58,CZE,2018,17.16555,585.813,9.5,15.093,9.048
59,CZE,2019,16.96525,585.256,9.0,,
60,DNK,2000,14.55761,477.12300000000005,9.5,42.137,6.071000000000001
61,DNK,2005,13.08338,380.911,9.0,37.65,4.835
62,DNK,2010,13.350760000000001,351.74,8.5,26.761,2.713
63,DNK,2011,13.617360000000001,328.031,7.6,24.945,2.467
64,DNK,2012,10.86565,296.584,6.6,22.884,2.199
65,DNK,2013,10.48783,263.837,6.9,21.929000000000002,2.209
66,DNK,2014,11.0559,235.32299999999998,6.2,20.177,1.834
67,DNK,2015,10.184560000000001,224.227,5.7,19.817,1.679
68,DNK,2016,9.30205,229.764,6.0,19.746,1.754
69,DNK,2017,10.28813,235.138,5.5,19.164,1.784
70,DNK,2018,9.872760000000001,233.673,5.5,18.183,1.874
71,DNK,2019,9.784930000000001,224.93099999999998,4.9,,
72,FIN,2000,7.64582,169.56900000000002,10.5,45.24,15.613
73,FIN,2005,7.20585,135.089,10.5,38.001,13.139000000000001
74,FIN,2010,7.35265,130.486,11.6,33.445,12.511
75,FIN,2011,7.16954,123.06200000000001,10.1,30.371,11.207
76,FIN,2012,6.48428,109.986,9.0,28.566999999999997,9.41
77,FIN,2013,6.09858,94.025,9.1,27.755,8.884
78,FIN,2014,6.490069999999999,78.602,8.4,26.211,7.909
79,FIN,2015,5.719180000000001,67.303,7.7,24.114,7.631
80,FIN,2016,5.679930000000001,60.025,8.2,23.214000000000002,7.235
81,FIN,2017,5.3344,56.835,7.7,22.503,6.44
82,FIN,2018,5.67502,60.246,7.9,21.694000000000003,6.047000000000001
83,FIN,2019,5.6382900000000005,69.65,7.5,,
84,FRA,2000,15.939039999999999,326.014,6.0,27.627,10.624
85,FRA,2005,14.76798,278.893,5.9,23.212,7.499
86,FRA,2010,14.86064,275.995,5.2,17.023,4.38
87,FRA,2011,14.780439999999999,269.655,5.0,15.957,3.716
88,FRA,2012,13.52899,259.768,5.0,15.46,3.57
89,FRA,2013,13.448070000000001,242.99900000000002,5.0,15.144,3.303
90,FRA,2014,11.50913,224.136,4.5,13.92,2.59
91,FRA,2015,12.231539999999999,216.93,4.6,13.457,2.47
92,FRA,2016,11.439160000000001,201.588,4.6,12.748,2.174
93,FRA,2017,11.38728,197.825,4.6,12.36,2.1590000000000003
94,FRA,2018,11.492289999999999,200.002,4.5,11.492,2.097
95,FRA,2019,11.36678,203.43400000000003,4.3,,
96,DEU,2000,16.60591,504.87,10.0,23.49,7.99
97,DEU,2005,15.240120000000001,421.92900000000003,9.7,20.105,5.848
98,DEU,2010,16.25385,446.82800000000003,9.5,18.222,5.012
99,DEU,2011,15.74135,432.397,9.1,17.991,4.812
100,DEU,2012,13.95161,412.47900000000004,9.3,17.762,4.5889999999999995
101,DEU,2013,13.715879999999999,390.57300000000004,9.5,17.718,4.434
102,DEU,2014,12.37438,359.64300000000003,8.9,17.099,4.163
103,DEU,2015,12.85765,348.94,8.9,16.678,4.105
104,DEU,2016,11.89868,330.94800000000004,8.9,16.219,3.786
105,DEU,2017,12.00724,319.86,8.7,15.532,3.647
106,DEU,2018,12.04758,320.436,8.4,14.407,3.4730000000000003
107,DEU,2019,11.92769,324.28700000000003,7.9,,
108,GRC,2000,20.778660000000002,686.449,8.1,38.36,47.98
109,GRC,2005,19.23783,619.248,8.7,42.512,48.961000000000006
110,GRC,2010,19.15183,637.556,7.5,32.876999999999995,18.84
111,GRC,2011,19.81029,642.986,7.4,29.563000000000002,13.517999999999999
112,GRC,2012,17.43828,636.533,7.0,25.934,11.139000000000001
113,GRC,2013,16.76962,598.956,6.3,24.908,9.857999999999999
114,GRC,2014,15.798729999999999,567.6619999999999,6.0,24.596999999999998,8.347999999999999
115,GRC,2015,16.15492,552.716,6.0,24.094,7.865
116,GRC,2016,14.539570000000001,525.109,5.9,24.124000000000002,5.7170000000000005
117,GRC,2017,14.51079,514.0840000000001,5.9,24.726,6.557
118,GRC,2018,14.58649,533.198,5.7,24.147,6.135
119,GRC,2019,14.3205,545.872,5.3,,
120,HUN,2000,21.50019,926.7410000000001,5.2,18.241,41.803999999999995
121,HUN,2005,20.40456,901.11,5.4,17.553,4.261
122,HUN,2010,20.21153,858.211,4.7,14.679,3.07
123,HUN,2011,20.937279999999998,843.125,4.6,13.764000000000001,3.467
124,HUN,2012,18.5864,822.0160000000001,4.3,12.992,3.097
125,HUN,2013,17.640810000000002,781.4839999999999,4.1,12.790999999999999,2.989
126,HUN,2014,17.67609,764.1419999999999,4.1,12.649000000000001,2.656
127,HUN,2015,17.68824,765.65,4.3,12.89,2.487
128,HUN,2016,15.854579999999999,722.4,4.5,12.202,2.374
129,HUN,2017,16.69836,723.0060000000001,4.7,12.344000000000001,2.861
130,HUN,2018,16.74279,732.865,4.7,12.307,2.364
131,HUN,2019,16.59597,716.6489999999999,4.7,,
132,ISL,2000,7.71057,89.514,7.7,116.228,138.245
133,ISL,2005,7.474889999999999,76.306,7.6,95.428,144.109
134,ISL,2010,7.342960000000001,66.837,6.1,81.85300000000001,255.24900000000002
135,ISL,2011,7.56968,64.08,5.9,73.533,260.069
136,ISL,2012,6.90333,60.213,5.8,72.303,267.342
137,ISL,2013,6.79215,54.815,6.3,69.315,220.09400000000002
138,ISL,2014,6.62412,48.681999999999995,6.3,68.337,198.96
139,ISL,2015,6.5041400000000005,46.461000000000006,6.2,69.683,183.305
140,ISL,2016,6.09614,45.088,6.2,62.94,155.226
141,ISL,2017,6.37648,44.9,6.3,63.486999999999995,148.47299999999998
142,ISL,2018,6.36308,45.28,6.2,65.047,162.472
143,ISL,2019,6.37407,45.836999999999996,5.2,,
144,IRL,2000,11.01114,291.70599999999996,10.8,46.428999999999995,38.122
145,IRL,2005,10.45882,204.017,10.7,40.938,17.641
146,IRL,2010,9.881039999999999,154.83700000000002,8.7,25.647,5.835
147,IRL,2011,10.055760000000001,153.313,7.7,22.791999999999998,5.45
148,IRL,2012,9.144680000000001,146.641,7.8,23.261999999999997,5.096
149,IRL,2013,8.78012,138.06,7.5,23.615,5.111000000000001
150,IRL,2014,8.512830000000001,128.032,7.3,23.433000000000003,3.6639999999999997
151,IRL,2015,8.37593,120.322,7.5,23.819000000000003,3.241
152,IRL,2016,7.83292,108.34899999999999,7.8,23.714000000000002,2.9189999999999996
153,IRL,2017,7.656969999999999,101.881,7.4,22.895,2.8310000000000004
154,IRL,2018,7.9103699999999995,103.805,7.3,22.52,2.525
155,IRL,2019,7.847510000000001,109.708,6.8,,
156,ITA,2000,23.86368,626.677,7.4,26.662,13.339
157,ITA,2005,21.21262,532.004,7.8,22.243000000000002,7.028
158,ITA,2010,20.08757,491.43699999999995,6.6,16.023,3.6830000000000003
159,ITA,2011,21.194960000000002,486.394,6.4,15.210999999999999,3.293
160,ITA,2012,18.63516,477.564,6.1,14.342,2.972
161,ITA,2013,17.91081,458.475,5.6,13.147,2.436
162,ITA,2014,16.90861,442.55699999999996,5.3,12.762,2.178
163,ITA,2015,17.81045,441.97,5.4,12.14,2.055
164,ITA,2016,15.5574,406.585,5.4,11.79,1.9280000000000002
165,ITA,2017,15.874920000000001,391.07800000000003,5.3,11.122,1.902
166,ITA,2018,16.03252,399.27,5.2,11.083,1.821
167,ITA,2019,15.84764,407.80699999999996,5.0,,
168,JPN,2000,12.98422,240.422,9.1,16.0,8.868
169,JPN,2005,12.21972,235.452,9.2,15.222999999999999,7.876
170,JPN,2010,11.7169,231.312,8.8,12.152999999999999,6.007000000000001
171,JPN,2011,12.88466,241.74599999999998,9.3,11.665,5.665
172,JPN,2012,13.3169,254.30599999999998,9.6,11.312999999999999,5.638999999999999
173,JPN,2013,13.575220000000002,268.981,9.7,10.865,5.5760000000000005
174,JPN,2014,13.92358,280.786,9.4,10.448,5.5120000000000005
175,JPN,2015,13.600570000000001,288.502,9.1,10.175,5.483
176,JPN,2016,13.543989999999999,294.61,9.0,11.128,5.486000000000001
177,JPN,2017,13.76077,297.506,8.9,10.634,5.452999999999999
178,JPN,2018,13.65838,306.401,8.5,10.350999999999999,5.462999999999999
179,JPN,2019,13.64744,313.08,8.5,,
180,KOR,2000,24.25141,354.658,9.2,23.699,10.357999999999999
181,KOR,2005,23.5744,328.309,9.5,26.831999999999997,8.387
182,KOR,2010,22.90255,308.663,11.1,21.416,8.109
183,KOR,2011,25.516070000000003,315.264,11.5,20.89,8.716000000000001
184,KOR,2012,25.8422,330.184,11.5,21.475,8.343
185,KOR,2013,27.5698,342.12,11.4,21.659000000000002,8.038
186,KOR,2014,28.2092,352.346,11.1,22.439,6.781000000000001
187,KOR,2015,27.00426,361.586,11.4,22.723000000000003,6.93
188,KOR,2016,27.827759999999998,366.602,11.5,24.428,7.039
189,KOR,2017,26.90111,384.056,11.7,23.229,6.1739999999999995
190,KOR,2018,27.44769,401.36199999999997,11.7,,
191,KOR,2019,27.447490000000002,426.671,11.3,,
192,LUX,2000,13.1477,327.388,18.5,92.16799999999999,7.504
193,LUX,2005,12.5606,278.077,24.7,122.275,5.281000000000001
194,LUX,2010,13.2019,251.405,21.0,76.926,3.3139999999999996
195,LUX,2011,12.8616,239.144,20.3,76.59899999999999,2.436
196,LUX,2012,11.5151,221.68400000000003,19.4,70.02199999999999,2.772
197,LUX,2013,11.9205,201.593,17.9,62.24100000000001,2.802
198,LUX,2014,10.1599,180.378,16.6,57.028,2.782
199,LUX,2015,10.6276,162.513,15.5,49.605,2.359
200,LUX,2016,9.9328,145.716,14.6,43.821000000000005,1.703
201,LUX,2017,9.85495,140.865,14.5,37.739000000000004,1.689
202,LUX,2018,10.1541,142.335,14.7,33.865,1.5919999999999999
203,LUX,2019,10.0889,147.914,14.8,,
204,MEX,2000,30.247729999999997,254.628,3.6,,
205,MEX,2005,23.1219,227.988,3.9,26.267,29.259
206,MEX,2010,21.483610000000002,235.489,3.9,,
207,MEX,2011,24.590220000000002,236.368,4.0,,
208,MEX,2012,22.70436,243.679,3.9,,
209,MEX,2013,23.50785,260.931,3.8,,
210,MEX,2014,21.96107,269.987,3.6,,
211,MEX,2015,22.04218,273.001,3.7,,
212,MEX,2016,21.21349,272.513,3.7,15.462,11.035
213,MEX,2017,20.365479999999998,276.518,3.6,,
214,MEX,2018,20.3613,278.039,3.6,,
215,MEX,2019,20.10763,286.879,3.6,,
216,NLD,2000,16.79264,470.714,10.1,27.964000000000002,4.797
217,NLD,2005,15.300289999999999,374.05400000000003,10.3,23.808000000000003,4.018
218,NLD,2010,15.70982,343.414,10.3,19.458,2.099
219,NLD,2011,15.51002,331.207,9.5,18.403,2.033
220,NLD,2012,13.81851,314.637,9.4,17.305999999999997,2.029
221,NLD,2013,12.73403,291.117,9.3,16.725,1.777
222,NLD,2014,12.19208,268.629,8.9,15.444,1.7590000000000001
223,NLD,2015,12.65138,263.406,9.3,15.315999999999999,1.791
224,NLD,2016,11.52338,264.047,9.3,14.472999999999999,1.609
225,NLD,2017,12.42328,266.8,9.1,13.74,1.5219999999999998
226,NLD,2018,12.07335,267.694,8.8,13.241,1.4269999999999998
227,NLD,2019,12.03303,267.263,8.2,,
228,NZL,2000,6.75737,100.785,7.5,37.566,18.298
229,NZL,2005,6.3538,75.882,8.1,40.105,22.592
230,NZL,2010,6.2937199999999995,67.31,6.9,35.646,16.819000000000003
231,NZL,2011,6.10495,66.175,6.7,35.167,16.764
232,NZL,2012,6.2283800000000005,63.622,7.1,36.61,17.595
233,NZL,2013,6.25727,60.402,7.0,36.198,16.715
234,NZL,2014,6.04863,59.305,6.9,35.949,16.111
235,NZL,2015,6.0042,57.736000000000004,6.8,35.9,16.418
236,NZL,2016,6.07848,57.335,6.5,34.279,14.885
237,NZL,2017,5.98442,57.786,6.7,36.32,15.667
238,NZL,2018,6.0351099999999995,61.129,6.5,35.492,15.043
239,NZL,2019,6.050269999999999,63.303999999999995,6.5,,
240,NOR,2000,10.13793,257.442,7.1,49.57899999999999,6.027
241,NOR,2005,8.22931,153.24,7.5,46.672,5.0280000000000005
242,NOR,2010,8.17431,130.894,8.2,41.917,3.865
243,NOR,2011,9.14048,126.103,7.7,41.647,3.7960000000000003
244,NOR,2012,7.619960000000001,116.059,7.4,40.31,3.4160000000000004
245,NOR,2013,7.344930000000001,105.23200000000001,7.3,38.371,3.4410000000000003
246,NOR,2014,7.496810000000001,93.01299999999999,7.2,36.591,3.39
247,NOR,2015,7.06615,84.774,7.2,34.168,3.2739999999999996
248,NOR,2016,6.63938,77.882,7.0,32.209,3.0239999999999996
249,NOR,2017,6.6895,71.837,6.7,30.518,2.8989999999999996
250,NOR,2018,6.72623,72.02,6.8,30.628,3.051
251,NOR,2019,6.66793,73.109,4.9,,
252,POL,2000,27.9787,835.6619999999999,7.6,22.244,34.783
253,POL,2005,26.99778,791.27,7.8,22.611,29.511
254,POL,2010,27.36475,799.898,8.0,22.976,21.305999999999997
255,POL,2011,27.158009999999997,785.52,7.9,22.596999999999998,20.142
256,POL,2012,24.68245,772.0889999999999,7.7,21.713,19.329
257,POL,2013,23.7758,738.648,7.6,20.635,18.408
258,POL,2014,24.01657,698.245,7.3,19.375,17.32
259,POL,2015,22.86504,704.905,7.4,18.99,16.796
260,POL,2016,21.91566,700.8839999999999,7.6,19.378,14.024000000000001
261,POL,2017,22.88956,712.4060000000001,8.0,20.511999999999997,13.845
262,POL,2018,22.864639999999998,725.2139999999999,8.0,20.052,13.234000000000002
263,POL,2019,22.765629999999998,732.817,7.6,,
264,PRT,2000,11.58061,380.582,5.6,27.381999999999998,28.509
265,PRT,2005,10.77781,312.60400000000004,5.8,25.518,17.995
266,PRT,2010,9.77271,251.168,4.5,18.146,5.956
267,PRT,2011,10.45012,241.47400000000002,4.5,16.7,5.4110000000000005
268,PRT,2012,9.1396,234.283,4.3,15.562000000000001,4.987
269,PRT,2013,8.82785,225.713,4.2,15.324000000000002,4.604
270,PRT,2014,8.65788,217.11700000000002,4.1,15.109000000000002,4.186
271,PRT,2015,8.80415,210.639,4.5,15.54,4.419
272,PRT,2016,7.827939999999999,206.84799999999998,4.5,14.975999999999999,4.428999999999999
273,PRT,2017,8.39613,204.468,4.9,15.349,4.596
274,PRT,2018,8.21557,203.101,4.6,14.901,4.417
275,PRT,2019,8.1761,203.87599999999998,4.3,,
276,SVK,2000,22.93668,839.539,6.8,20.03,21.611
277,SVK,2005,22.39348,835.821,6.9,19.312,15.927
278,SVK,2010,21.66154,751.197,6.4,15.886,12.520999999999999
279,SVK,2011,22.80494,733.3530000000001,6.1,14.454,12.382
280,SVK,2012,20.518639999999998,696.946,5.8,14.030999999999999,10.515
281,SVK,2013,19.81298,664.939,5.9,13.615,9.531
282,SVK,2014,19.486639999999998,638.868,5.4,13.741,8.181000000000001
283,SVK,2015,19.28388,646.356,5.4,13.36,12.270999999999999
284,SVK,2016,18.03023,613.41,5.6,12.477,4.82
285,SVK,2017,18.41026,614.312,5.9,12.263,5.111000000000001
286,SVK,2018,18.65878,622.471,5.8,12.128,3.7060000000000004
287,SVK,2019,18.526320000000002,636.494,5.3,,
288,ESP,2000,14.03851,338.70099999999996,6.9,33.589,34.049
289,ESP,2005,12.66811,281.527,7.6,30.98,27.398000000000003
290,ESP,2010,11.79547,224.46400000000003,5.6,19.967,5.211
291,ESP,2011,12.74152,221.207,5.7,19.666,5.962000000000001
292,ESP,2012,11.46312,218.03599999999997,5.6,18.579,6.04
293,ESP,2013,10.62795,209.614,5.0,16.762,4.707
294,ESP,2014,10.09,205.678,5.0,16.826,5.171
295,ESP,2015,10.81943,205.207,5.3,17.004,5.5489999999999995
296,ESP,2016,9.82015,191.332,5.1,16.047,4.626
297,ESP,2017,10.02245,184.699,5.5,15.892999999999999,4.637
298,ESP,2018,10.03337,187.297,5.3,15.004000000000001,4.215
299,ESP,2019,9.99323,189.99,4.9,,
300,SWE,2000,8.56375,215.011,5.9,24.072,5.095
301,SWE,2005,7.39389,147.063,5.4,20.143,4.072
302,SWE,2010,7.5583800000000005,134.559,5.0,16.584,3.062
303,SWE,2011,7.61538,126.772,4.6,15.639000000000001,2.758
304,SWE,2012,6.285480000000001,111.619,4.3,14.895,2.676
305,SWE,2013,6.28063,94.086,4.1,14.502,2.431
306,SWE,2014,6.55795,78.89699999999999,3.9,14.249,2.133
307,SWE,2015,5.965409999999999,70.99600000000001,3.8,13.717,1.808
308,SWE,2016,5.53104,68.048,3.8,13.366,1.87
309,SWE,2017,5.78105,66.438,3.7,12.92,1.778
310,SWE,2018,5.76737,65.766,3.4,12.64,1.7309999999999999
311,SWE,2019,5.72135,64.641,3.2,,
312,CHE,2000,15.07285,365.139,5.8,14.216,2.286
313,CHE,2005,13.23875,278.172,5.9,12.585999999999999,1.882
314,CHE,2010,13.32802,249.178,5.5,10.800999999999998,1.329
315,CHE,2011,13.988610000000001,239.65900000000002,5.0,10.147,1.057
316,CHE,2012,12.88156,232.62900000000002,5.1,10.083,1.077
317,CHE,2013,12.639560000000001,222.416,5.1,9.961,0.985
318,CHE,2014,10.74821,208.535,4.6,9.378,0.888
319,CHE,2015,11.73932,197.046,4.5,8.746,0.682
320,CHE,2016,10.73317,171.53799999999998,4.5,8.436,0.623
321,CHE,2017,9.98649,155.245,4.4,7.939,0.594
322,CHE,2018,10.29074,157.08100000000002,4.2,7.541,0.585
323,CHE,2019,10.04367,160.047,4.2,,
324,GBR,2000,14.76416,498.17199999999997,8.8,34.637,21.83
325,GBR,2005,13.24027,371.00699999999995,8.8,29.31,12.817
326,GBR,2010,12.387830000000001,289.42400000000004,7.6,19.525,7.091
327,GBR,2011,12.95079,274.389,6.9,17.939,6.4910000000000005
328,GBR,2012,11.38851,259.569,7.2,18.195,7.124
329,GBR,2013,11.36731,243.75900000000001,7.0,17.143,6.102
330,GBR,2014,10.827810000000001,226.209,6.3,15.927999999999999,4.917
331,GBR,2015,10.32277,218.808,6.1,15.28,3.7939999999999996
332,GBR,2016,10.15293,213.988,5.7,13.823,2.697
333,GBR,2017,10.28748,212.957,5.5,13.254000000000001,2.6039999999999996
334,GBR,2018,10.10409,216.576,5.3,12.47,2.367
335,GBR,2019,10.02183,214.122,5.1,,
336,USA,2000,11.95909,319.447,20.3,71.194,51.886
337,USA,2005,10.94197,262.862,19.3,61.73,44.147
338,USA,2010,9.23072,188.705,17.3,42.946000000000005,22.309
339,USA,2011,9.27236,181.52700000000002,16.4,41.408,18.439
340,USA,2012,8.8823,173.96,15.6,39.27,14.289000000000001
341,USA,2013,8.654910000000001,167.357,15.9,37.173,13.600999999999999
342,USA,2014,8.44529,160.885,15.8,35.274,13.014000000000001
343,USA,2015,8.17797,155.408,15.4,32.944,10.879000000000001
344,USA,2016,7.39055,146.827,15.0,31.230999999999998,8.742
345,USA,2017,7.757630000000001,140.084,14.6,29.555999999999997,6.697
346,USA,2018,7.7876199999999995,142.616,15.0,,6.414
347,USA,2019,7.67611,145.26,14.5,,
348,AFG,2000,52.233999999999995,170.446,,,
349,AFG,2005,46.60351,145.51,,,
350,AFG,2010,52.49585,168.657,,,
351,AFG,2011,57.09972,179.324,,,
352,AFG,2012,55.46611,194.94400000000002,,,
353,AFG,2013,59.622769999999996,211.61,,,
354,AFG,2014,62.72192,221.84900000000002,,,
355,AFG,2015,61.41157,223.02599999999998,,,
356,AFG,2016,57.96634,219.574,,,
357,AFG,2017,54.031169999999996,216.683,,,
358,AFG,2018,53.43221,219.03599999999997,,,
359,AFG,2019,52.99811999999999,228.234,,,
360,ALB,2000,24.17578,318.64799999999997,1.0,,
361,ALB,2005,21.9854,380.85400000000004,1.3,,
362,ALB,2010,21.55726,428.051,1.3,,
363,ALB,2011,23.31385,444.954,1.4,,
364,ALB,2012,21.45644,454.462,1.2,,
365,ALB,2013,19.93915,465.0,1.3,,
366,ALB,2014,19.81741,481.224,1.4,,
367,ALB,2015,19.42523,498.17800000000005,1.3,,
368,ALB,2016,17.69079,506.655,1.3,,
369,ALB,2017,18.8694,515.221,1.5,,
370,ALB,2018,18.659979999999997,523.653,1.5,,
371,ALB,2019,18.45981,532.035,,,
372,DZA,2000,35.61068,497.668,2.0,,
373,DZA,2005,34.117670000000004,479.843,2.3,,
374,DZA,2010,32.13971,462.1,2.7,,
375,DZA,2011,31.689259999999997,465.543,2.8,,
376,DZA,2012,32.69955,471.39300000000003,3.0,,
377,DZA,2013,30.5132,478.55199999999996,3.0,,
378,DZA,2014,32.00987,488.045,3.2,,
379,DZA,2015,33.601,494.707,3.3,,
380,DZA,2016,32.90051,490.895,3.2,,
381,DZA,2017,32.665079999999996,489.656,3.2,,
382,DZA,2018,32.761340000000004,495.663,3.3,,
383,DZA,2019,32.91557,502.327,,,
384,AGO,2000,28.147779999999997,124.266,0.3,,
385,AGO,2005,28.515109999999996,123.325,0.3,,
386,AGO,2010,28.96085,131.872,0.6,,
387,AGO,2011,29.054009999999998,135.499,0.7,,
388,AGO,2012,29.2792,141.666,0.7,,
389,AGO,2013,29.51322,147.19,0.7,,
390,AGO,2014,28.475440000000003,150.738,0.8,,
391,AGO,2015,29.275709999999997,155.52700000000002,0.8,,
392,AGO,2016,29.2647,157.501,0.7,,
393,AGO,2017,28.051959999999998,160.841,0.6,,
394,AGO,2018,28.316709999999997,166.775,0.6,,
395,AGO,2019,28.021520000000002,174.547,,,
396,ARG,2000,14.47081,302.975,3.5,,
397,ARG,2005,13.612379999999998,271.46299999999997,3.6,,
398,ARG,2010,14.053729999999998,280.492,4.0,,
399,ARG,2011,14.526670000000001,284.377,4.1,,
400,ARG,2012,13.685429999999998,287.566,4.1,,
401,ARG,2013,15.069270000000001,292.842,4.2,,
402,ARG,2014,14.1147,294.994,4.1,,
403,ARG,2015,14.936739999999999,300.539,4.2,,
404,ARG,2016,14.451970000000001,300.487,4.1,,
405,ARG,2017,13.95186,289.129,3.9,,
406,ARG,2018,13.97303,282.033,3.8,,
407,ARG,2019,13.84671,281.20599999999996,,,
408,ARM,2000,31.619,820.372,1.1,,
409,ARM,2005,32.41865,1010.785,1.4,,
410,ARM,2010,36.200559999999996,1139.815,1.4,,
411,ARM,2011,40.79481,1139.519,1.6,,
412,ARM,2012,41.39294,1126.33,1.9,,
413,ARM,2013,39.19509,1096.9489999999998,1.8,,
414,ARM,2014,38.75478,1095.78,1.8,,
415,ARM,2015,38.11764,1115.201,1.7,,
416,ARM,2016,34.87167,1085.657,1.7,,
417,ARM,2017,35.55658,1067.0430000000001,1.8,,
418,ARM,2018,34.63884,1055.276,1.8,,
419,ARM,2019,34.24106,1045.64,,,
420,AZE,2000,25.15823,585.073,3.4,,
421,AZE,2005,23.78346,652.746,3.5,,
422,AZE,2010,25.841739999999998,775.925,2.6,,
423,AZE,2011,27.72685,790.1039999999999,2.9,,
424,AZE,2012,29.593220000000002,800.934,3.1,,
425,AZE,2013,29.047559999999997,806.205,3.1,,
426,AZE,2014,28.2887,812.58,3.2,,
427,AZE,2015,26.8159,807.873,3.2,,
428,AZE,2016,25.05773,801.539,3.2,,
429,AZE,2017,25.802970000000002,796.4110000000001,3.1,,
430,AZE,2018,25.88438,777.307,3.1,,
431,AZE,2019,26.269059999999996,783.148,,,
432,BHR,2000,62.37965,488.519,23.8,,
433,BHR,2005,65.85087,454.056,23.1,,
434,BHR,2010,63.2667,341.858,20.6,,
435,BHR,2011,64.82876,341.65,20.0,,
436,BHR,2012,67.4297,341.006,20.1,,
437,BHR,2013,63.572340000000004,340.13599999999997,21.5,,
438,BHR,2014,58.95891999999999,343.67199999999997,22.2,,
439,BHR,2015,65.71355,356.39599999999996,21.9,,
440,BHR,2016,61.123509999999996,358.152,20.8,,
441,BHR,2017,61.12047,364.223,20.0,,
442,BHR,2018,59.87996,369.722,19.2,,
443,BHR,2019,58.66163,381.29900000000004,,,
444,BGD,2000,53.80223,222.997,0.2,,
445,BGD,2005,55.14937,238.852,0.2,,
446,BGD,2010,56.48803,289.306,0.3,,
447,BGD,2011,60.63896,292.59,0.4,,
448,BGD,2012,69.00421999999999,304.63,0.4,,
449,BGD,2013,66.47896999999999,331.265,0.4,,
450,BGD,2014,73.37176,363.404,0.4,,
451,BGD,2015,69.08059,375.19300000000004,0.5,,
452,BGD,2016,67.90836,383.38699999999994,0.5,,
453,BGD,2017,62.82447,405.744,0.5,,
454,BGD,2018,63.390080000000005,424.713,0.5,,
455,BGD,2019,63.54533000000001,453.833,,,
456,BLR,2000,22.062070000000002,1240.137,5.2,,
457,BLR,2005,21.14994,1354.3270000000002,5.7,,
458,BLR,2010,22.46444,1345.6760000000002,6.3,,
459,BLR,2011,19.86036,1353.001,6.0,,
460,BLR,2012,19.1637,1186.2,6.1,,
461,BLR,2013,20.06079,1132.339,6.1,,
462,BLR,2014,20.48884,1073.1589999999999,6.0,,
463,BLR,2015,18.733420000000002,1006.043,5.5,,
464,BLR,2016,16.90633,938.909,5.6,,
465,BLR,2017,16.590139999999998,900.158,5.7,,
466,BLR,2018,16.665860000000002,885.553,6.0,,
467,BLR,2019,16.57188,889.441,,,
468,BEN,2000,47.290459999999996,161.981,0.2,,
469,BEN,2005,41.22433,144.639,0.3,,
470,BEN,2010,41.207440000000005,157.084,0.5,,
471,BEN,2011,41.556309999999996,164.226,0.5,,
472,BEN,2012,43.130990000000004,176.49,0.4,,
473,BEN,2013,38.98048,187.762,0.4,,
474,BEN,2014,39.02518,194.83,0.5,,
475,BEN,2015,48.55724,199.378,0.5,,
476,BEN,2016,46.110209999999995,194.842,0.6,,
477,BEN,2017,44.61055,190.233,0.6,,
478,BEN,2018,45.71945,188.207,0.6,,
479,BEN,2019,46.23708,195.05599999999998,,,
480,BTN,2000,36.99722,151.056,,,
481,BTN,2005,40.16349,198.225,,,
482,BTN,2010,39.65957,272.882,,,
483,BTN,2011,37.99492,290.091,,,
484,BTN,2012,44.21164,309.387,,,
485,BTN,2013,42.63762,328.24699999999996,,,
486,BTN,2014,48.56215,342.167,,,
487,BTN,2015,44.49682,348.087,,,
488,BTN,2016,43.64552,340.837,,,
489,BTN,2017,40.249179999999996,333.861,,,
490,BTN,2018,40.472559999999994,339.43300000000005,,,
491,BTN,2019,40.3737,353.53,,,
492,BOL,2000,30.71828,290.20599999999996,0.8,,
493,BOL,2005,28.00027,272.653,1.0,,
494,BOL,2010,31.867340000000002,316.598,1.4,,
495,BOL,2011,28.84461,318.791,1.5,,
496,BOL,2012,28.67738,319.159,1.5,,
497,BOL,2013,26.97036,319.659,1.6,,
498,BOL,2014,28.543490000000002,318.848,1.7,,
499,BOL,2015,29.54265,318.903,1.7,,
500,BOL,2016,28.39105,322.387,1.8,,
501,BOL,2017,27.93657,327.471,1.8,,
502,BOL,2018,27.716929999999998,332.42900000000003,1.9,,
503,BOL,2019,27.487640000000003,337.477,,,
504,BIH,2000,39.22961,775.4910000000001,3.7,,
505,BIH,2005,37.02173,944.592,4.2,,
506,BIH,2010,35.46516,975.5310000000001,5.5,,
507,BIH,2011,39.36054,1004.534,6.4,,
508,BIH,2012,35.51636,1011.2769999999999,6.0,,
509,BIH,2013,33.936479999999996,1037.7930000000001,6.1,,
510,BIH,2014,32.55819,1065.579,5.5,,
511,BIH,2015,33.85689,1115.74,5.6,,
512,BIH,2016,29.59341,1080.985,6.5,,
513,BIH,2017,30.774859999999997,1062.029,6.7,,
514,BIH,2018,30.781270000000003,1080.249,6.7,,
515,BIH,2019,30.28742,1094.15,,,
516,BWA,2000,24.31484,337.76099999999997,2.5,,
517,BWA,2005,24.73976,362.852,2.4,,
518,BWA,2010,26.59719,395.369,1.6,,
519,BWA,2011,27.003120000000003,403.286,1.9,,
520,BWA,2012,27.05872,406.917,2.4,,
521,BWA,2013,26.10286,411.426,2.6,,
522,BWA,2014,25.67235,415.11699999999996,3.3,,
523,BWA,2015,26.59954,416.709,3.3,,
524,BWA,2016,25.65127,406.1,3.2,,
525,BWA,2017,25.39271,400.925,3.5,,
526,BWA,2018,25.47543,403.024,3.6,,
527,BWA,2019,25.32941,408.65,,,
528,BRA,2000,14.573070000000001,210.80900000000003,1.7,,
529,BRA,2005,14.58125,215.33599999999998,1.7,,
530,BRA,2010,14.05672,227.368,1.9,,
531,BRA,2011,14.6726,224.551,2.0,,
532,BRA,2012,13.76786,214.52599999999998,2.1,,
533,BRA,2013,13.137579999999998,205.95,2.3,,
534,BRA,2014,12.9879,197.59599999999998,2.4,,
535,BRA,2015,11.68776,195.662,2.2,,
536,BRA,2016,11.420069999999999,201.019,2.0,,
537,BRA,2017,11.66885,199.88,2.1,,
538,BRA,2018,11.63402,202.361,1.9,,
539,BRA,2019,11.665519999999999,206.572,,,
540,BRN,2000,6.4568900000000005,55.117,13.3,,
541,BRN,2005,6.716130000000001,58.416000000000004,13.2,,
542,BRN,2010,6.40296,52.025,17.6,,
543,BRN,2011,7.355689999999999,55.257,17.8,,
544,BRN,2012,7.624560000000001,62.717,17.5,,
545,BRN,2013,7.6398399999999995,72.908,17.0,,
546,BRN,2014,7.77212,81.503,16.3,,
547,BRN,2015,7.95178,86.05799999999999,14.4,,
548,BRN,2016,7.680389999999999,81.735,15.3,,
549,BRN,2017,7.380489999999999,78.109,15.8,,
550,BRN,2018,7.7198,81.723,16.7,,
551,BRN,2019,7.720289999999999,89.33200000000001,,,
552,BGR,2000,26.72158,1700.395,5.2,,
553,BGR,2005,24.47952,1550.432,6.0,,
554,BGR,2010,23.41734,1420.204,6.0,,
555,BGR,2011,26.33199,1391.52,6.7,,
556,BGR,2012,23.27254,1339.14,6.0,,
557,BGR,2013,21.802789999999998,1288.867,5.4,,
558,BGR,2014,22.24359,1304.307,5.7,,
559,BGR,2015,20.86425,1281.85,6.1,,
560,BGR,2016,19.95143,1272.353,5.7,,
561,BGR,2017,20.22277,1267.014,6.0,,
562,BGR,2018,20.21311,1289.513,5.7,,
563,BGR,2019,19.927020000000002,1296.192,,,
564,BFA,2000,54.9143,134.102,,,
565,BFA,2005,54.95081,138.716,,,
566,BFA,2010,53.99324,140.759,,,
567,BFA,2011,51.2476,145.424,,,
568,BFA,2012,54.19399,154.29,,,
569,BFA,2013,47.35318,163.707,,,
570,BFA,2014,48.42901,170.063,,,
571,BFA,2015,60.278980000000004,174.511,,,
572,BFA,2016,56.26509,169.489,,,
573,BFA,2017,53.54886,164.088,,,
574,BFA,2018,53.66526999999999,164.355,,,
575,BFA,2019,53.68486,166.317,,,
576,BDI,2000,36.18593,99.195,,,
577,BDI,2005,33.671009999999995,85.92399999999999,,,
578,BDI,2010,33.23081,83.431,,,
579,BDI,2011,35.35365,84.564,,,
580,BDI,2012,37.15903,87.814,,,
581,BDI,2013,35.1159,90.829,,,
582,BDI,2014,34.96393,91.78299999999999,,,
583,BDI,2015,35.83684,90.25200000000001,,,
584,BDI,2016,35.54883,85.068,,,
585,BDI,2017,32.89305,81.755,,,
586,BDI,2018,33.810829999999996,83.189,,,
587,BDI,2019,33.32371,84.59299999999999,,,
588,KHM,2000,27.493159999999996,150.96200000000002,0.2,,
589,KHM,2005,29.44985,169.331,0.2,,
590,KHM,2010,29.00238,192.30700000000002,0.3,,
591,KHM,2011,24.82077,193.012,0.3,,
592,KHM,2012,25.025270000000003,193.74900000000002,0.3,,
593,KHM,2013,28.13717,193.863,0.3,,
594,KHM,2014,24.31387,194.49200000000002,0.4,,
595,KHM,2015,24.11826,194.625,0.5,,
596,KHM,2016,24.88946,194.201,0.6,,
597,KHM,2017,22.08535,194.386,0.7,,
598,KHM,2018,22.33921,200.679,0.6,,
599,KHM,2019,22.13588,212.328,,,
600,CMR,2000,69.06149,298.494,0.2,,
601,CMR,2005,62.54161,310.64099999999996,0.2,,
602,CMR,2010,60.636230000000005,342.26599999999996,0.2,,
603,CMR,2011,60.061859999999996,354.654,0.2,,
604,CMR,2012,62.5594,373.11199999999997,0.2,,
605,CMR,2013,57.964969999999994,393.651,0.2,,
606,CMR,2014,57.778380000000006,405.205,0.3,,
607,CMR,2015,71.14056,402.52,0.3,,
608,CMR,2016,66.83686999999999,391.491,0.3,,
609,CMR,2017,63.752959999999995,378.30400000000003,0.2,,
610,CMR,2018,65.45743,381.533,0.2,,
611,CMR,2019,66.15428,395.81300000000005,,,
612,CAF,2000,45.65161,167.365,,,
613,CAF,2005,42.07741,155.018,,,
614,CAF,2010,44.32997,176.24,,,
615,CAF,2011,47.25884,182.56799999999998,,,
616,CAF,2012,47.62774,188.642,,,
617,CAF,2013,45.18815,196.891,,,
618,CAF,2014,42.84418,201.787,,,
619,CAF,2015,48.64444,203.352,,,
620,CAF,2016,46.040079999999996,195.585,,,
621,CAF,2017,44.87807,188.84799999999998,,,
622,CAF,2018,46.62242,189.227,,,
623,CAF,2019,46.896679999999996,195.525,,,
624,TCD,2000,60.28541,143.665,,,
625,TCD,2005,59.44174,137.029,,,
626,TCD,2010,57.8041,141.255,,,
627,TCD,2011,58.92884,144.795,,,
628,TCD,2012,60.051219999999994,151.58700000000002,,,
629,TCD,2013,55.8678,159.80100000000002,,,
630,TCD,2014,53.48884,164.575,,,
631,TCD,2015,64.13971,166.588,,,
632,TCD,2016,59.852880000000006,163.495,,,
633,TCD,2017,59.552459999999996,161.002,,,
634,TCD,2018,59.32125,161.329,,,
635,TCD,2019,59.425940000000004,163.741,,,
636,CHL,2000,22.97985,262.845,3.2,,
637,CHL,2005,21.951970000000003,257.353,3.3,7.492000000000001,17.577
638,CHL,2010,21.93499,272.026,4.0,13.382,17.773
639,CHL,2011,23.31394,274.747,4.4,14.027999999999999,18.644000000000002
640,CHL,2012,22.28727,282.67400000000004,4.4,14.741,13.662
641,CHL,2013,23.85567,292.926,4.6,12.425,12.365
642,CHL,2014,23.20259,298.17900000000003,4.2,13.11,8.324
643,CHL,2015,24.49502,301.959,4.5,10.388,8.53
644,CHL,2016,24.72874,289.159,4.7,9.986,19.032
645,CHL,2017,22.81016,288.44,4.7,9.736,16.544
646,CHL,2018,23.63918,295.228,4.6,8.032,14.317
647,CHL,2019,23.68317,307.534,4.9,,
648,CHN,2000,50.82196,629.556,2.5,,
649,CHN,2005,51.65252,745.928,4.1,,
650,CHN,2010,53.242709999999995,866.22,5.9,,
651,CHN,2011,58.41283000000001,892.585,6.4,,
652,CHN,2012,58.91645,909.475,6.5,,
653,CHN,2013,63.32051,929.437,6.8,,
654,CHN,2014,60.318580000000004,945.529,6.7,,
655,CHN,2015,56.26218000000001,953.961,6.6,,
656,CHN,2016,51.64413,956.2460000000001,6.6,,
657,CHN,2017,49.98303,950.31,6.7,,
658,CHN,2018,49.33254,962.9860000000001,6.8,,
659,CHN,2019,47.72902,993.582,,,
660,COL,2000,29.01965,240.762,1.4,,
661,COL,2005,23.96699,218.82,1.2,,
662,COL,2010,25.65682,252.28,1.3,,
663,COL,2011,26.626109999999997,243.48,1.4,,
664,COL,2012,23.988310000000002,243.328,1.4,,
665,COL,2013,24.85015,242.187,1.5,,
666,COL,2014,24.42363,240.53900000000002,1.6,,
667,COL,2015,23.45619,245.993,1.6,,
668,COL,2016,23.25429,246.62099999999998,1.6,,
669,COL,2017,22.565929999999998,247.588,1.4,,
670,COL,2018,22.63916,253.477,1.5,,
671,COL,2019,22.5254,259.564,,,
672,COG,2000,39.45371,262.103,0.2,,
673,COG,2005,37.72903,246.34400000000002,0.2,,
674,COG,2010,38.91787,273.41900000000004,0.4,,
675,COG,2011,39.49575,283.305,0.5,,
676,COG,2012,40.01911,298.942,0.5,,
677,COG,2013,41.833999999999996,313.36400000000003,0.5,,
678,COG,2014,38.82954,324.903,0.6,,
679,COG,2015,42.22145,326.647,0.7,,
680,COG,2016,40.82738,321.131,0.6,,
681,COG,2017,38.64156,317.685,0.6,,
682,COG,2018,39.682759999999995,323.157,0.5,,
683,COG,2019,39.25027,334.787,,,
684,CRI,2000,17.97431,149.659,1.1,,
685,CRI,2005,18.188029999999998,141.966,1.3,,
686,CRI,2010,18.152070000000002,159.282,1.4,,
687,CRI,2011,19.61187,155.018,1.5,,
688,CRI,2012,18.90757,157.959,1.5,,
689,CRI,2013,19.218020000000003,163.08700000000002,1.5,,
690,CRI,2014,18.30714,167.542,1.5,,
691,CRI,2015,18.58168,175.65200000000002,1.4,12.757,
692,CRI,2016,17.924889999999998,181.454,1.5,,
693,CRI,2017,17.46191,179.322,1.5,,
694,CRI,2018,17.54223,183.213,1.5,,
695,CRI,2019,17.43615,185.842,,,
696,CIV,2000,60.169619999999995,272.09,0.4,,
697,CIV,2005,57.05451,264.658,0.3,,
698,CIV,2010,51.07581,238.33,0.3,,
699,CIV,2011,56.8145,241.87,0.3,,
700,CIV,2012,57.03794,259.85,0.4,,
701,CIV,2013,49.04376,283.78700000000003,0.4,,
702,CIV,2014,48.22991,297.77099999999996,0.4,,
703,CIV,2015,63.77092,300.0,0.4,,
704,CIV,2016,61.665530000000004,276.915,0.4,,
705,CIV,2017,55.331559999999996,259.055,0.4,,
706,CIV,2018,55.897330000000004,257.848,0.4,,
707,CIV,2019,55.9251,261.468,,,
708,HRV,2000,23.34689,934.2639999999999,3.8,,
709,HRV,2005,22.79672,927.9069999999999,4.6,,
710,HRV,2010,20.82379,839.7819999999999,4.2,,
711,HRV,2011,22.8211,819.82,4.2,,
712,HRV,2012,20.22689,807.0039999999999,3.8,,
713,HRV,2013,19.69789,773.181,3.7,,
714,HRV,2014,19.26618,774.205,3.6,,
715,HRV,2015,19.63877,798.073,3.7,,
716,HRV,2016,17.48408,725.794,3.8,,
717,HRV,2017,18.076539999999998,716.27,3.9,,
718,HRV,2018,18.37508,725.3639999999999,3.7,,
719,HRV,2019,18.22689,743.796,,,
720,CUB,2000,21.00665,472.027,2.5,,
721,CUB,2005,19.31089,455.504,2.2,,
722,CUB,2010,18.27104,449.341,2.6,,
723,CUB,2011,19.13832,432.78,2.5,,
724,CUB,2012,19.28152,459.966,2.5,,
725,CUB,2013,19.4254,485.644,2.4,,
726,CUB,2014,19.80842,513.545,2.3,,
727,CUB,2015,20.30881,544.04,2.4,,
728,CUB,2016,19.59893,531.394,2.5,,
729,CUB,2017,18.60644,534.0419999999999,2.2,,
730,CUB,2018,18.4514,532.4490000000001,2.2,,
731,CUB,2019,17.95487,516.016,,,
732,CYP,2000,18.802,469.135,9.1,,
733,CYP,2005,18.2666,420.699,9.6,,
734,CYP,2010,19.1292,398.51199999999994,8.9,,
735,CYP,2011,18.8249,384.44,8.3,,
736,CYP,2012,17.0835,372.88599999999997,7.6,,
737,CYP,2013,16.5619,365.49699999999996,6.5,,
738,CYP,2014,16.6648,361.87199999999996,6.7,,
739,CYP,2015,17.407,356.43199999999996,7.0,,
740,CYP,2016,14.6237,330.881,7.4,,
741,CYP,2017,15.3562,314.829,7.5,,
742,CYP,2018,15.8137,325.263,7.3,,
743,CYP,2019,15.7934,344.973,,,
744,PRK,2000,41.29808,426.423,3.1,,
745,PRK,2005,41.44486,505.272,3.2,,
746,PRK,2010,39.386540000000004,596.867,2.0,,
747,PRK,2011,45.33044,629.712,1.4,,
748,PRK,2012,46.17635,677.5939999999999,1.5,,
749,PRK,2013,50.61102,728.31,1.0,,
750,PRK,2014,50.00248,769.135,1.1,,
751,PRK,2015,47.967940000000006,788.252,0.9,,
752,PRK,2016,43.52124,781.7280000000001,1.1,,
753,PRK,2017,43.51352,777.0210000000001,0.8,,
754,PRK,2018,45.14198,797.998,0.6,,
755,PRK,2019,45.18309,841.388,,,
756,COD,2000,39.74978,134.722,0.0,,
757,COD,2005,36.25605,104.634,0.0,,
758,COD,2010,35.72552,100.63600000000001,0.0,,
759,COD,2011,36.868390000000005,104.34299999999999,0.0,,
760,COD,2012,38.95214,113.525,0.0,,
761,COD,2013,38.16964,122.881,0.0,,
762,COD,2014,36.74487,129.418,0.1,,
763,COD,2015,40.42859,129.548,0.0,,
764,COD,2016,38.14317,124.54899999999999,0.0,,
765,COD,2017,35.84552,120.723,0.0,,
766,COD,2018,36.82314,122.94,0.0,,
767,COD,2019,36.27272,127.274,,,
768,DOM,2000,18.41314,147.94299999999998,2.1,,
769,DOM,2005,17.88051,219.372,1.9,,
770,DOM,2010,17.13981,255.542,2.0,,
771,DOM,2011,16.54403,266.475,2.0,,
772,DOM,2012,17.36776,290.926,2.0,,
773,DOM,2013,17.23382,320.236,2.0,,
774,DOM,2014,17.82735,341.111,1.9,,
775,DOM,2015,18.62817,357.522,2.1,,
776,DOM,2016,18.17853,359.95599999999996,2.2,,
777,DOM,2017,18.152620000000002,354.115,2.0,,
778,DOM,2018,18.15087,352.17400000000004,2.2,,
779,DOM,2019,18.14536,353.82,,,
780,ECU,2000,19.39343,166.065,1.4,,
781,ECU,2005,20.33098,211.17700000000002,1.7,,
782,ECU,2010,22.06176,234.40900000000002,2.1,,
783,ECU,2011,20.29435,231.407,2.1,,
784,ECU,2012,21.65051,239.75900000000001,2.2,,
785,ECU,2013,20.75471,244.83700000000002,2.3,,
786,ECU,2014,21.54693,245.33700000000002,2.3,,
787,ECU,2015,21.73624,242.40900000000002,2.3,,
788,ECU,2016,21.44482,239.755,2.2,,
789,ECU,2017,19.89895,235.611,2.0,,
790,ECU,2018,20.7159,238.583,2.1,,
791,ECU,2019,20.60601,244.05700000000002,,,
792,EGY,2000,69.84723000000001,890.2860000000001,1.5,,
793,EGY,2005,69.68061,939.763,1.9,,
794,EGY,2010,78.48821,976.455,2.1,,
795,EGY,2011,69.73873,958.2710000000001,2.2,,
796,EGY,2012,69.65333000000001,963.183,2.2,,
797,EGY,2013,74.71484,926.875,2.1,,
798,EGY,2014,72.01255,924.291,2.1,,
799,EGY,2015,73.10574,958.617,2.2,,
800,EGY,2016,66.71446,937.2610000000001,2.2,,
801,EGY,2017,66.95324000000001,905.827,2.2,,
802,EGY,2018,68.48883000000001,902.263,2.3,,
803,EGY,2019,67.91512,902.3789999999999,,,
804,SLV,2000,30.196659999999998,183.324,0.9,,
805,SLV,2005,24.87631,192.01,1.1,,
806,SLV,2010,24.311770000000003,207.546,1.0,,
807,SLV,2011,28.71104,222.96400000000003,1.0,,
808,SLV,2012,25.46469,224.165,1.0,,
809,SLV,2013,26.96585,250.984,1.0,,
810,SLV,2014,24.48574,283.871,1.0,,
811,SLV,2015,25.61375,292.013,1.0,,
812,SLV,2016,23.54934,287.376,1.1,,
813,SLV,2017,23.15157,285.397,0.9,,
814,SLV,2018,22.77792,287.91700000000003,1.0,,
815,SLV,2019,22.34945,294.57599999999996,,,
816,GNQ,2000,49.18476,213.47,,,
817,GNQ,2005,42.168820000000004,237.22,,,
818,GNQ,2010,41.57334,265.286,,,
819,GNQ,2011,43.113479999999996,284.286,,,
820,GNQ,2012,41.34775,300.094,,,
821,GNQ,2013,40.71994,306.01099999999997,,,
822,GNQ,2014,40.66992,308.982,,,
823,GNQ,2015,50.10433,310.348,,,
824,GNQ,2016,48.367940000000004,300.332,,,
825,GNQ,2017,44.57779,288.32599999999996,,,
826,GNQ,2018,46.60303,287.844,,,
827,GNQ,2019,47.03413,292.966,,,
828,ERI,2000,45.06414,307.883,0.3,,
829,ERI,2005,42.51334,303.215,0.2,,
830,ERI,2010,43.61637,305.798,0.2,,
831,ERI,2011,43.96017,309.719,0.2,,
832,ERI,2012,45.1614,315.33799999999997,0.1,,
833,ERI,2013,45.486959999999996,322.807,0.1,,
834,ERI,2014,39.91731,329.76,0.1,,
835,ERI,2015,43.64826,337.236,0.1,,
836,ERI,2016,41.96897,349.256,0.1,,
837,ERI,2017,44.34945,362.35900000000004,0.1,,
838,ERI,2018,44.13527,376.94800000000004,0.1,,
839,ERI,2019,44.779140000000005,393.585,,,
840,EST,2000,8.49868,373.85400000000004,10.3,32.339,69.405
841,EST,2005,8.37534,326.496,12.3,31.0,56.275
842,EST,2010,8.64993,249.29,13.9,32.376999999999995,62.523
843,EST,2011,7.78834,239.03099999999998,13.3,31.26,54.765
844,EST,2012,7.5244100000000005,216.174,12.4,29.081999999999997,32.419000000000004
845,EST,2013,7.58672,185.195,14.2,28.315,31.605
846,EST,2014,8.17666,163.463,13.2,28.059,35.574
847,EST,2015,6.617380000000001,138.675,11.5,24.97,27.419
848,EST,2016,6.57034,121.427,11.8,24.712,26.531999999999996
849,EST,2017,5.72617,110.93700000000001,12.1,25.32,29.288
850,EST,2018,6.0417,113.667,11.9,24.232,23.322
851,EST,2019,5.9496199999999995,120.48100000000001,8.8,,
852,ETH,2000,30.878159999999998,69.082,0.0,,
853,ETH,2005,31.51003,61.948,0.1,,
854,ETH,2010,34.010290000000005,69.21600000000001,0.1,,
855,ETH,2011,34.917429999999996,70.46300000000001,0.1,,
856,ETH,2012,35.57929,71.285,0.1,,
857,ETH,2013,35.38061,72.01,0.1,,
858,ETH,2014,33.020720000000004,73.861,0.1,,
859,ETH,2015,34.448479999999996,74.575,0.1,,
860,ETH,2016,33.66216,75.415,0.1,,
861,ETH,2017,33.97099,76.95,0.1,,
862,ETH,2018,33.89873,78.387,0.1,,
863,ETH,2019,33.83347,79.87,,,
864,FJI,2000,10.87139,245.708,,,
865,FJI,2005,10.956610000000001,268.817,,,
866,FJI,2010,10.826939999999999,291.362,,,
867,FJI,2011,10.87872,298.107,,,
868,FJI,2012,10.887739999999999,304.95099999999996,,,
869,FJI,2013,11.0207,311.494,,,
870,FJI,2014,10.62791,319.992,,,
871,FJI,2015,10.50479,328.76199999999994,,,
872,FJI,2016,10.95922,342.69199999999995,,,
873,FJI,2017,10.935989999999999,357.524,,,
874,FJI,2018,10.853710000000001,365.07800000000003,,,
875,FJI,2019,10.85933,370.588,,,
876,GAB,2000,37.85197,439.41900000000004,1.2,,
877,GAB,2005,35.14703,433.434,1.2,,
878,GAB,2010,36.03618,421.223,1.6,,
879,GAB,2011,36.73914,420.13800000000003,1.8,,
880,GAB,2012,35.47618,417.074,1.8,,
881,GAB,2013,37.69086,414.102,1.8,,
882,GAB,2014,34.52105,411.969,1.7,,
883,GAB,2015,40.57385,407.04,1.7,,
884,GAB,2016,39.694590000000005,389.903,1.7,,
885,GAB,2017,35.76827,374.45,1.2,,
886,GAB,2018,37.54874,372.736,1.2,,
887,GAB,2019,37.43801,378.259,,,
888,GMB,2000,59.49856,157.101,,,
889,GMB,2005,55.453,176.39700000000002,,,
890,GMB,2010,54.867090000000005,175.542,,,
891,GMB,2011,56.980019999999996,169.543,,,
892,GMB,2012,62.1852,176.267,,,
893,GMB,2013,51.63885,184.801,,,
894,GMB,2014,53.68586,198.957,,,
895,GMB,2015,61.84551,199.283,,,
896,GMB,2016,57.60833,206.699,,,
897,GMB,2017,61.526619999999994,214.043,,,
898,GMB,2018,58.12545,210.128,,,
899,GMB,2019,58.2145,207.22400000000002,,,
900,GEO,2000,17.743779999999997,841.561,1.1,,
901,GEO,2005,16.8434,851.995,1.0,,
902,GEO,2010,18.53592,834.035,1.3,,
903,GEO,2011,20.58995,822.572,1.6,,
904,GEO,2012,20.889210000000002,786.865,1.8,,
905,GEO,2013,20.25822,759.8589999999999,1.9,,
906,GEO,2014,19.99326,751.493,2.1,,
907,GEO,2015,19.021160000000002,755.2810000000001,2.3,,
908,GEO,2016,18.19874,780.8939999999999,2.4,,
909,GEO,2017,18.50095,782.834,2.4,,
910,GEO,2018,18.2412,780.845,2.4,,
911,GEO,2019,18.247429999999998,778.679,,,
912,GHA,2000,60.90673,292.051,0.3,,
913,GHA,2005,53.33048,312.823,0.3,,
914,GHA,2010,50.69795,335.70099999999996,0.4,,
915,GHA,2011,54.179809999999996,347.066,0.4,,
916,GHA,2012,55.11622,361.631,0.5,,
917,GHA,2013,48.30836,379.36699999999996,0.5,,
918,GHA,2014,47.446909999999995,395.843,0.5,,
919,GHA,2015,61.115030000000004,409.815,0.5,,
920,GHA,2016,60.31063,414.051,0.5,,
921,GHA,2017,56.464059999999996,416.284,0.5,,
922,GHA,2018,54.71702,410.85400000000004,0.5,,
923,GHA,2019,54.4758,412.236,,,
924,GTM,2000,36.08605,189.517,0.7,,
925,GTM,2005,29.36052,160.773,0.8,,
926,GTM,2010,28.97928,171.65900000000002,0.7,,
927,GTM,2011,32.65345,179.12,0.7,,
928,GTM,2012,30.452009999999998,187.791,0.7,,
929,GTM,2013,32.355090000000004,197.761,0.8,,
930,GTM,2014,29.58513,205.641,0.8,,
931,GTM,2015,31.11405,209.687,0.9,,
932,GTM,2016,29.31602,206.364,1.0,,
933,GTM,2017,27.991220000000002,200.482,0.9,,
934,GTM,2018,28.18948,203.58,1.0,,
935,GTM,2019,27.81365,212.392,,,
936,GIN,2000,53.30835,193.65200000000002,,,
937,GIN,2005,51.16075,193.687,,,
938,GIN,2010,51.44129,194.08599999999998,,,
939,GIN,2011,52.39549,194.935,,,
940,GIN,2012,53.228269999999995,197.28400000000002,,,
941,GIN,2013,46.33916,203.291,,,
942,GIN,2014,48.50691,207.338,,,
943,GIN,2015,56.58991999999999,209.44400000000002,,,
944,GIN,2016,53.96375,205.31400000000002,,,
945,GIN,2017,53.820840000000004,198.90099999999998,,,
946,GIN,2018,52.76226,195.753,,,
947,GIN,2019,52.82294,191.87599999999998,,,
948,GNB,2000,56.3056,189.565,,,
949,GNB,2005,52.50349,182.805,,,
950,GNB,2010,52.73469,185.165,,,
951,GNB,2011,53.882369999999995,184.63299999999998,,,
952,GNB,2012,56.80035,184.976,,,
953,GNB,2013,47.53709,189.812,,,
954,GNB,2014,49.24897,193.838,,,
955,GNB,2015,57.45475,195.36,,,
956,GNB,2016,54.11766,198.34099999999998,,,
957,GNB,2017,57.43411999999999,196.641,,,
958,GNB,2018,53.98771,189.895,,,
959,GNB,2019,54.01773000000001,184.813,,,
960,HTI,2000,19.89169,111.822,0.2,,
961,HTI,2005,18.87763,119.463,0.2,,
962,HTI,2010,18.3538,126.566,0.2,,
963,HTI,2011,18.02804,131.201,0.3,,
964,HTI,2012,18.8603,137.214,0.2,,
965,HTI,2013,19.03057,144.7,0.3,,
966,HTI,2014,19.495929999999998,151.168,0.3,,
967,HTI,2015,20.22097,154.862,0.3,,
968,HTI,2016,19.46409,155.718,0.3,,
969,HTI,2017,19.428829999999998,155.683,0.3,,
970,HTI,2018,19.44233,158.01,0.3,,
971,HTI,2019,19.322229999999998,161.80100000000002,,,
972,HND,2000,27.584690000000002,106.723,0.7,,
973,HND,2005,25.545560000000002,118.32600000000001,0.9,,
974,HND,2010,24.11093,135.773,0.9,,
975,HND,2011,28.746909999999996,149.05700000000002,1.0,,
976,HND,2012,25.5617,168.085,1.0,,
977,HND,2013,28.09273,177.514,1.0,,
978,HND,2014,25.63117,184.41400000000002,1.0,,
979,HND,2015,26.769940000000002,187.158,1.0,,
980,HND,2016,24.80745,178.813,0.9,,
981,HND,2017,22.79017,170.77700000000002,0.9,,
982,HND,2018,23.410610000000002,173.804,1.0,,
983,HND,2019,22.92625,182.946,,,
984,IND,2000,70.69254000000001,363.67199999999997,0.8,,
985,IND,2005,70.64546999999999,398.27,0.9,,
986,IND,2010,77.4766,491.914,1.3,,
987,IND,2011,80.74542,527.788,1.3,,
988,IND,2012,87.09878,571.6669999999999,1.4,,
989,IND,2013,90.10211,619.254,1.5,,
990,IND,2014,95.8366,646.7090000000001,1.6,,
991,IND,2015,88.89748,662.334,1.6,,
992,IND,2016,92.54553,661.321,1.6,,
993,IND,2017,82.06178,664.1389999999999,1.6,,
994,IND,2018,83.21146999999999,690.545,1.7,,
995,IND,2019,83.30377,717.172,,,
996,IDN,2000,23.762629999999998,276.166,1.2,,
997,IDN,2005,22.11074,299.492,1.4,,
998,IDN,2010,22.591260000000002,354.81300000000005,1.6,,
999,IDN,2011,19.18971,357.80699999999996,1.8,,
1000,IDN,2012,20.35076,361.98,1.8,,
1001,IDN,2013,20.30303,364.741,1.7,,
1002,IDN,2014,19.14704,366.282,1.8,,
1003,IDN,2015,20.17936,369.283,1.8,,
1004,IDN,2016,21.45374,366.042,1.7,,
1005,IDN,2017,18.857470000000003,364.611,1.9,,
1006,IDN,2018,19.408,374.93699999999995,2.0,,
1007,IDN,2019,19.67376,394.49800000000005,,,
1008,IRN,2000,40.48836,491.285,4.8,,
1009,IRN,2005,39.412890000000004,488.099,6.0,,
1010,IRN,2010,42.31779,493.195,6.8,,
1011,IRN,2011,43.55019,487.54699999999997,6.8,,
1012,IRN,2012,42.51894,488.066,6.8,,
1013,IRN,2013,42.23355,496.98,7.0,,
1014,IRN,2014,40.805279999999996,505.04400000000004,7.2,,
1015,IRN,2015,41.948240000000006,515.095,7.1,,
1016,IRN,2016,40.77335,510.31699999999995,7.0,,
1017,IRN,2017,39.985409999999995,505.749,7.1,,
1018,IRN,2018,39.596379999999996,501.70599999999996,7.1,,
1019,IRN,2019,39.001540000000006,503.57,,,
1020,IRQ,2000,52.26104,714.409,3.0,,
1021,IRQ,2005,52.0789,689.8580000000001,2.7,,
1022,IRQ,2010,58.03638,739.079,3.5,,
1023,IRQ,2011,54.817040000000006,719.576,3.6,,
1024,IRQ,2012,54.4383,698.7389999999999,4.0,,
1025,IRQ,2013,52.522119999999994,678.0189999999999,4.1,,
1026,IRQ,2014,48.642140000000005,661.416,4.1,,
1027,IRQ,2015,54.236909999999995,650.837,3.7,,
1028,IRQ,2016,51.207570000000004,639.339,3.8,,
1029,IRQ,2017,51.0894,629.515,3.7,,
1030,IRQ,2018,50.28587,634.95,4.0,,
1031,IRQ,2019,49.61657,645.881,,,
1032,ISR,2000,23.156489999999998,415.69800000000004,8.7,39.804,45.573
1033,ISR,2005,22.97571,359.407,8.4,30.096,30.323
1034,ISR,2010,24.73694,320.815,9.0,22.244,19.788
1035,ISR,2011,24.506120000000003,320.793,8.7,21.116999999999997,20.46
1036,ISR,2012,22.15028,312.627,9.3,23.599,19.862000000000002
1037,ISR,2013,22.715729999999997,303.324,8.0,19.017,16.312
1038,ISR,2014,21.53803,293.115,7.6,16.195999999999998,12.772
1039,ISR,2015,22.25146,289.577,7.6,15.045,12.587
1040,ISR,2016,18.62791,272.204,7.4,12.902999999999999,10.622
1041,ISR,2017,19.90364,263.31,7.3,11.909,8.18
1042,ISR,2018,19.73592,265.858,6.7,11.296,6.705
1043,ISR,2019,19.42415,267.569,7.0,,
1044,JAM,2000,15.88326,242.378,3.7,,
1045,JAM,2005,16.34467,226.532,3.8,,
1046,JAM,2010,15.82504,256.26599999999996,2.5,,
1047,JAM,2011,14.975220000000002,276.075,2.6,,
1048,JAM,2012,15.72437,258.704,2.4,,
1049,JAM,2013,15.85399,267.916,2.5,,
1050,JAM,2014,16.4495,300.726,2.4,,
1051,JAM,2015,16.68487,310.039,2.4,,
1052,JAM,2016,16.324479999999998,308.17,2.5,,
1053,JAM,2017,16.37351,308.365,2.3,,
1054,JAM,2018,16.32408,311.781,2.8,,
1055,JAM,2019,16.24505,318.193,,,
1056,JOR,2000,28.82065,316.344,3.0,,
1057,JOR,2005,32.871179999999995,338.25300000000004,3.2,,
1058,JOR,2010,35.40821,280.242,2.6,,
1059,JOR,2011,33.29787,275.415,2.6,,
1060,JOR,2012,32.77988,270.94599999999997,2.8,,
1061,JOR,2013,35.09197,267.165,2.6,,
1062,JOR,2014,33.544270000000004,270.125,2.7,,
1063,JOR,2015,34.97317,272.514,2.6,,
1064,JOR,2016,31.64511,281.415,2.4,,
1065,JOR,2017,32.02845,287.409,2.5,,
1066,JOR,2018,30.96172,296.791,2.3,,
1067,JOR,2019,30.129990000000003,306.872,,,
1068,KAZ,2000,18.75763,659.1239999999999,7.5,,
1069,KAZ,2005,18.0011,664.2460000000001,10.4,,
1070,KAZ,2010,20.178179999999998,619.4119999999999,13.5,,
1071,KAZ,2011,23.73125,616.339,14.2,,
1072,KAZ,2012,25.30396,613.68,13.9,,
1073,KAZ,2013,24.067629999999998,602.087,14.6,,
1074,KAZ,2014,22.49706,588.846,11.4,,
1075,KAZ,2015,21.474239999999998,578.585,11.3,,
1076,KAZ,2016,21.79104,565.807,12.2,,
1077,KAZ,2017,20.9627,550.819,12.1,,
1078,KAZ,2018,21.05325,550.758,11.7,,
1079,KAZ,2019,21.045,546.669,,,
1080,KEN,2000,25.4185,94.34899999999999,0.2,,
1081,KEN,2005,23.23674,95.441,0.2,,
1082,KEN,2010,26.71596,116.053,0.3,,
1083,KEN,2011,28.66647,119.684,0.3,,
1084,KEN,2012,28.96313,123.119,0.2,,
1085,KEN,2013,28.02226,125.82799999999999,0.3,,
1086,KEN,2014,27.207109999999997,127.458,0.3,,
1087,KEN,2015,28.040509999999998,126.648,0.3,,
1088,KEN,2016,26.86386,122.262,0.3,,
1089,KEN,2017,25.03049,116.31299999999999,0.3,,
1090,KEN,2018,23.24687,110.67,0.3,,
1091,KEN,2019,21.53547,104.396,,,
1092,KWT,2000,63.99621,358.339,22.4,,
1093,KWT,2005,67.38127,402.983,28.5,,
1094,KWT,2010,68.20246,356.621,25.8,,
1095,KWT,2011,69.98628000000001,333.278,25.2,,
1096,KWT,2012,71.34375,336.356,24.6,,
1097,KWT,2013,68.89182,328.3,23.8,,
1098,KWT,2014,58.94282,320.529,22.2,,
1099,KWT,2015,68.09915,324.58299999999997,22.5,,
1100,KWT,2016,63.14119,335.69300000000004,22.3,,
1101,KWT,2017,65.17854,344.89599999999996,21.7,,
1102,KWT,2018,63.281980000000004,354.67699999999996,21.2,,
1103,KWT,2019,62.673140000000004,364.81800000000004,,,
1104,KGZ,2000,25.23145,492.284,0.9,,
1105,KGZ,2005,23.19504,487.88699999999994,0.9,,
1106,KGZ,2010,23.749760000000002,450.798,1.1,,
1107,KGZ,2011,28.365509999999997,444.32300000000004,1.3,,
1108,KGZ,2012,28.21105,441.825,1.7,,
1109,KGZ,2013,29.23735,437.098,1.5,,
1110,KGZ,2014,26.730809999999998,436.709,1.5,,
1111,KGZ,2015,25.88974,437.587,1.6,,
1112,KGZ,2016,25.30199,411.025,1.5,,
1113,KGZ,2017,24.57093,403.05699999999996,1.4,,
1114,KGZ,2018,24.75156,397.86199999999997,1.7,,
1115,KGZ,2019,24.604860000000002,403.334,,,
1116,LAO,2000,25.63968,172.037,0.2,,
1117,LAO,2005,26.14684,177.66099999999997,0.2,,
1118,LAO,2010,26.65529,188.889,0.4,,
1119,LAO,2011,21.95949,183.352,0.4,,
1120,LAO,2012,23.24069,178.597,0.4,,
1121,LAO,2013,24.93948,174.544,0.5,,
1122,LAO,2014,21.778660000000002,171.149,0.5,,
1123,LAO,2015,21.000239999999998,169.567,1.1,,
1124,LAO,2016,23.6521,168.33,2.1,,
1125,LAO,2017,19.45651,168.485,2.5,,
1126,LAO,2018,20.725089999999998,176.32299999999998,2.5,,
1127,LAO,2019,20.76857,192.012,,,
1128,LVA,2000,18.3165,888.387,2.9,17.637999999999998,7.449
1129,LVA,2005,18.1311,958.3969999999999,3.4,19.583,3.884
1130,LVA,2010,19.1235,923.8960000000001,3.9,18.733,2.039
1131,LVA,2011,16.7092,887.6060000000001,3.6,17.672,2.043
1132,LVA,2012,16.1148,842.567,3.4,17.86,2.137
1133,LVA,2013,16.4421,805.965,3.4,17.729,1.912
1134,LVA,2014,17.1317,732.205,3.4,17.692,1.9169999999999998
1135,LVA,2015,14.5845,670.69,3.5,17.455,1.785
1136,LVA,2016,13.6548,593.094,3.5,16.752,1.739
1137,LVA,2017,12.4483,555.9209999999999,3.4,17.006,1.8430000000000002
1138,LVA,2018,12.915999999999999,566.872,3.7,17.706,1.99
1139,LVA,2019,12.7076,586.188,3.5,,
1140,LBN,2000,28.20379,522.732,3.7,,
1141,LBN,2005,28.96094,514.74,3.1,,
1142,LBN,2010,32.58303,624.476,3.7,,
1143,LBN,2011,30.437820000000002,605.677,3.6,,
1144,LBN,2012,29.46017,586.4119999999999,3.8,,
1145,LBN,2013,31.303279999999997,566.059,3.5,,
1146,LBN,2014,31.25934,544.424,3.6,,
1147,LBN,2015,31.93223,521.604,3.8,,
1148,LBN,2016,29.508340000000004,506.75,3.8,,
1149,LBN,2017,29.283409999999996,491.586,4.0,,
1150,LBN,2018,29.4412,489.285,3.7,,
1151,LBN,2019,29.047620000000002,488.095,,,
1152,LSO,2000,30.459659999999996,260.20599999999996,,,
1153,LSO,2005,27.49587,303.533,,,
1154,LSO,2010,32.88608,396.538,,,
1155,LSO,2011,32.92488,406.72,,,
1156,LSO,2012,32.75541,418.98699999999997,,,
1157,LSO,2013,32.09261,427.79400000000004,,,
1158,LSO,2014,32.97101,433.61300000000006,,,
1159,LSO,2015,32.29056,431.75199999999995,,,
1160,LSO,2016,31.603409999999997,418.606,,,
1161,LSO,2017,30.05122,406.605,,,
1162,LSO,2018,28.996129999999997,399.30199999999996,,,
1163,LSO,2019,27.79676,394.648,,,
1164,LBR,2000,50.06945,126.523,,,
1165,LBR,2005,51.23789,126.516,,,
1166,LBR,2010,44.366609999999994,115.36,,,
1167,LBR,2011,51.47016,119.36200000000001,,,
1168,LBR,2012,49.22334,131.01,,,
1169,LBR,2013,44.26993,141.338,,,
1170,LBR,2014,45.05879,144.983,,,
1171,LBR,2015,56.14305,144.472,,,
1172,LBR,2016,54.7675,135.035,,,
1173,LBR,2017,48.321259999999995,125.67,,,
1174,LBR,2018,50.4423,126.318,,,
1175,LBR,2019,50.632220000000004,132.841,,,
1176,LBY,2000,36.346140000000005,345.00199999999995,6.9,,
1177,LBY,2005,40.68762,343.91900000000004,7.4,,
1178,LBY,2010,45.604690000000005,413.006,7.8,,
1179,LBY,2011,37.560790000000004,418.75300000000004,5.5,,
1180,LBY,2012,35.344590000000004,415.459,7.1,,
1181,LBY,2013,40.033970000000004,419.57300000000004,7.6,,
1182,LBY,2014,37.27581,429.249,8.0,,
1183,LBY,2015,37.55894,438.996,7.1,,
1184,LBY,2016,38.40035,449.06300000000005,6.8,,
1185,LBY,2017,35.1316,460.906,6.8,,
1186,LBY,2018,36.38132,476.923,6.8,,
1187,LBY,2019,35.98622,496.634,,,
1188,LTU,2000,14.500520000000002,567.951,2.9,17.633,10.84
1189,LTU,2005,14.19929,655.7560000000001,3.7,20.331,8.185
1190,LTU,2010,14.864479999999999,694.257,4.0,20.533,5.776
1191,LTU,2011,13.14674,684.0939999999999,3.8,19.743,6.335
1192,LTU,2012,13.182770000000001,658.081,3.9,20.660999999999998,5.582000000000001
1193,LTU,2013,13.177320000000002,634.76,3.7,20.438,4.875
1194,LTU,2014,13.495379999999999,578.9259999999999,3.6,20.08,4.499
1195,LTU,2015,11.93398,554.192,3.6,20.746,5.099
1196,LTU,2016,10.89639,497.907,3.7,20.799,5.149
1197,LTU,2017,10.297939999999999,436.76300000000003,3.8,19.852,4.448
1198,LTU,2018,10.5842,445.837,4.0,20.264,4.53
1199,LTU,2019,10.4691,457.156,4.0,,
1200,MKD,2000,45.1905,1247.13,,,
1201,MKD,2005,40.2201,1291.5230000000001,,,
1202,MKD,2010,38.9538,1340.239,,,
1203,MKD,2011,44.7407,1320.901,,,
1204,MKD,2012,40.0517,1330.586,,,
1205,MKD,2013,36.7952,1295.182,,,
1206,MKD,2014,37.7291,1310.891,,,
1207,MKD,2015,35.2858,1329.817,,,
1208,MKD,2016,33.0101,1330.899,,,
1209,MKD,2017,33.9919,1330.1879999999999,,,
1210,MKD,2018,33.3651,1324.1960000000001,,,
1211,MKD,2019,32.6682,1321.068,,,
1212,MDG,2000,17.24435,69.156,,,
1213,MDG,2005,17.76399,76.238,,,
1214,MDG,2010,19.00902,75.566,,,
1215,MDG,2011,20.09667,77.14399999999999,,,
1216,MDG,2012,19.1889,79.60300000000001,,,
1217,MDG,2013,19.715670000000003,82.281,,,
1218,MDG,2014,19.26489,84.51299999999999,,,
1219,MDG,2015,20.157770000000003,84.60700000000001,,,
1220,MDG,2016,19.35578,82.21700000000001,,,
1221,MDG,2017,18.003220000000002,80.128,,,
1222,MDG,2018,18.270429999999998,80.75399999999999,,,
1223,MDG,2019,17.8598,83.20299999999999,,,
1224,MWI,2000,25.10834,80.76100000000001,,,
1225,MWI,2005,24.54231,71.968,,,
1226,MWI,2010,25.76334,77.097,,,
1227,MWI,2011,27.16729,79.407,,,
1228,MWI,2012,27.186940000000003,81.37899999999999,,,
1229,MWI,2013,26.472209999999997,82.72399999999999,,,
1230,MWI,2014,26.81849,83.13,,,
1231,MWI,2015,27.049640000000004,82.11,,,
1232,MWI,2016,26.0428,78.064,,,
1233,MWI,2017,23.94983,73.244,,,
1234,MWI,2018,23.46215,71.56,,,
1235,MWI,2019,22.33194,70.33800000000001,,,
1236,MYS,2000,20.5798,316.857,5.0,,
1237,MYS,2005,20.10107,310.839,6.1,,
1238,MYS,2010,18.27821,305.236,6.7,,
1239,MYS,2011,17.37371,306.693,6.7,,
1240,MYS,2012,18.20743,309.08799999999997,6.6,,
1241,MYS,2013,18.54888,301.334,7.1,,
1242,MYS,2014,17.258470000000003,314.15,7.4,,
1243,MYS,2015,18.16004,321.457,7.3,,
1244,MYS,2016,16.78004,317.296,7.1,,
1245,MYS,2017,16.40791,308.53,6.8,,
1246,MYS,2018,16.43679,314.621,7.2,,
1247,MYS,2019,16.55023,330.26,,,
1248,MLI,2000,61.075559999999996,140.024,,,
1249,MLI,2005,59.74876,136.929,,,
1250,MLI,2010,62.494209999999995,150.531,,,
1251,MLI,2011,59.066790000000005,151.537,,,
1252,MLI,2012,63.51526,155.586,,,
1253,MLI,2013,52.8645,159.903,,,
1254,MLI,2014,56.06013000000001,163.124,,,
1255,MLI,2015,65.90978,165.97299999999998,,,
1256,MLI,2016,60.70013,168.59,,,
1257,MLI,2017,61.66709,167.27,,,
1258,MLI,2018,60.59097,165.185,,,
1259,MLI,2019,60.6721,164.888,,,
1260,MLT,2000,16.0831,426.56699999999995,5.5,,
1261,MLT,2005,15.3779,396.202,6.5,,
1262,MLT,2010,17.6565,445.602,6.2,,
1263,MLT,2011,16.2696,440.587,6.2,,
1264,MLT,2012,14.1759,418.664,6.5,,
1265,MLT,2013,13.3988,386.839,5.6,,
1266,MLT,2014,13.8423,357.105,5.4,,
1267,MLT,2015,13.5718,327.459,3.7,,
1268,MLT,2016,12.9194,315.538,3.0,,
1269,MLT,2017,12.5697,308.903,3.2,,
1270,MLT,2018,13.1112,316.035,3.2,,
1271,MLT,2019,13.0654,334.45599999999996,,,
1272,MRT,2000,71.79111,338.50199999999995,,,
1273,MRT,2005,65.10299,310.165,,,
1274,MRT,2010,64.27869,305.823,,,
1275,MRT,2011,65.41632,310.342,,,
1276,MRT,2012,70.2224,323.502,,,
1277,MRT,2013,60.708709999999996,330.593,,,
1278,MRT,2014,60.43425,326.494,,,
1279,MRT,2015,71.27974,328.671,,,
1280,MRT,2016,66.23652,319.85,,,
1281,MRT,2017,69.50208,319.69599999999997,,,
1282,MRT,2018,66.4108,314.245,,,
1283,MRT,2019,66.54714,311.503,,,
1284,MUS,2000,15.243210000000001,402.485,,,
1285,MUS,2005,16.571170000000002,449.11800000000005,,,
1286,MUS,2010,15.38158,413.265,,,
1287,MUS,2011,15.3851,408.24199999999996,,,
1288,MUS,2012,15.214820000000001,415.1,,,
1289,MUS,2013,15.544570000000002,412.464,,,
1290,MUS,2014,15.36803,425.416,,,
1291,MUS,2015,15.3448,430.215,,,
1292,MUS,2016,15.22473,439.334,,,
1293,MUS,2017,15.169570000000002,448.833,,,
1294,MUS,2018,15.280289999999999,465.13,,,
1295,MUS,2019,15.265279999999999,477.773,,,
1296,MDA,2000,19.38874,674.215,1.8,,
1297,MDA,2005,18.77339,805.29,2.2,,
1298,MDA,2010,18.4935,825.819,2.2,,
1299,MDA,2011,18.39294,731.0319999999999,2.2,,
1300,MDA,2012,18.227520000000002,715.704,2.2,,
1301,MDA,2013,17.79693,674.637,1.9,,
1302,MDA,2014,16.65915,679.878,2.0,,
1303,MDA,2015,16.3361,678.368,2.1,,
1304,MDA,2016,14.949620000000001,596.1030000000001,2.2,,
1305,MDA,2017,13.59126,513.2869999999999,2.1,,
1306,MDA,2018,14.118379999999998,514.087,2.2,,
1307,MDA,2019,13.95982,520.1990000000001,,,
1308,MNG,2000,30.412159999999997,451.62300000000005,3.7,,
1309,MNG,2005,26.338440000000002,440.475,4.3,,
1310,MNG,2010,37.203070000000004,528.279,5.2,,
1311,MNG,2011,46.565459999999995,553.245,5.6,,
1312,MNG,2012,49.0935,573.05,6.0,,
1313,MNG,2013,45.268029999999996,590.339,6.3,,
1314,MNG,2014,40.99015,597.8969999999999,6.1,,
1315,MNG,2015,43.305890000000005,602.498,5.7,,
1316,MNG,2016,45.25229,619.629,5.9,,
1317,MNG,2017,40.471270000000004,632.259,6.2,,
1318,MNG,2018,42.124179999999996,655.17,6.7,,
1319,MNG,2019,42.28819,696.5880000000001,,,
1320,MAR,2000,32.234359999999995,447.583,1.0,,
1321,MAR,2005,32.61758,518.268,1.3,,
1322,MAR,2010,32.95009,592.617,1.4,,
1323,MAR,2011,31.600859999999997,598.006,1.5,,
1324,MAR,2012,30.44554,606.432,1.6,,
1325,MAR,2013,29.41692,652.391,1.5,,
1326,MAR,2014,29.394059999999996,656.063,1.6,,
1327,MAR,2015,32.160070000000005,663.423,1.6,,
1328,MAR,2016,30.87258,684.825,1.6,,
1329,MAR,2017,34.13177,710.163,1.6,,
1330,MAR,2018,33.89501,728.502,1.6,,
1331,MAR,2019,34.99173,742.247,,,
1332,MOZ,2000,22.68798,48.725,0.1,,
1333,MOZ,2005,21.93074,48.096000000000004,0.1,,
1334,MOZ,2010,23.2907,60.263999999999996,0.1,,
1335,MOZ,2011,23.64965,62.135,0.1,,
1336,MOZ,2012,23.619870000000002,64.99600000000001,0.1,,
1337,MOZ,2013,23.71565,66.822,0.1,,
1338,MOZ,2014,23.55635,67.816,0.1,,
1339,MOZ,2015,23.987479999999998,67.434,0.2,,
1340,MOZ,2016,23.06269,65.331,0.2,,
1341,MOZ,2017,22.10373,63.43,0.2,,
1342,MOZ,2018,21.47707,62.281000000000006,0.2,,
1343,MOZ,2019,20.715320000000002,61.766999999999996,,,
1344,MMR,2000,33.92255,283.70099999999996,0.2,,
1345,MMR,2005,36.8995,361.096,0.2,,
1346,MMR,2010,37.94875,412.04,0.2,,
1347,MMR,2011,31.5667,411.905,0.2,,
1348,MMR,2012,35.34205,408.42,0.2,,
1349,MMR,2013,36.62645,408.84,0.3,,
1350,MMR,2014,32.71883,408.30699999999996,0.3,,
1351,MMR,2015,31.63025,409.11199999999997,0.4,,
1352,MMR,2016,32.87003,411.181,0.4,,
1353,MMR,2017,29.55061,414.652,0.6,,
1354,MMR,2018,30.0384,426.25199999999995,0.6,,
1355,MMR,2019,29.91018,447.04900000000004,,,
1356,NAM,2000,25.5791,304.857,1.1,,
1357,NAM,2005,24.65841,304.467,1.3,,
1358,NAM,2010,26.665609999999997,312.405,1.5,,
1359,NAM,2011,27.618990000000004,311.819,1.5,,
1360,NAM,2012,27.43865,315.176,1.5,,
1361,NAM,2013,26.75811,322.207,1.6,,
1362,NAM,2014,26.16439,327.689,1.6,,
1363,NAM,2015,27.0125,330.477,1.7,,
1364,NAM,2016,25.74521,327.26099999999997,1.7,,
1365,NAM,2017,25.20101,322.599,1.7,,
1366,NAM,2018,24.80099,319.439,1.6,,
1367,NAM,2019,24.23679,316.121,,,
1368,NPL,2000,67.26071,251.352,0.1,,
1369,NPL,2005,68.60273000000001,296.442,0.1,,
1370,NPL,2010,78.5108,394.274,0.2,,
1371,NPL,2011,79.3133,428.78,0.2,,
1372,NPL,2012,88.15988,470.212,0.2,,
1373,NPL,2013,87.40644,515.148,0.2,,
1374,NPL,2014,95.65876999999999,549.058,0.2,,
1375,NPL,2015,89.29778,573.033,0.2,,
1376,NPL,2016,91.93222,571.919,0.3,,
1377,NPL,2017,80.82996,572.427,0.4,,
1378,NPL,2018,82.67179,590.114,0.4,,
1379,NPL,2019,82.82545,625.1030000000001,,,
1380,NIC,2000,21.85951,78.226,0.7,,
1381,NIC,2005,23.20185,108.096,0.8,,
1382,NIC,2010,21.46132,116.678,0.7,,
1383,NIC,2011,23.951929999999997,122.01,0.8,,
1384,NIC,2012,21.61528,128.265,0.7,,
1385,NIC,2013,23.579,134.984,0.7,,
1386,NIC,2014,21.52078,140.52200000000002,0.7,,
1387,NIC,2015,22.006120000000003,140.942,0.8,,
1388,NIC,2016,21.22101,142.04399999999998,0.8,,
1389,NIC,2017,19.9253,138.82,0.8,,
1390,NIC,2018,20.66005,144.128,0.8,,
1391,NIC,2019,20.53888,153.179,,,
1392,NER,2000,76.89591,172.357,0.1,,
1393,NER,2005,79.29699000000001,152.77,0.1,,
1394,NER,2010,78.2476,117.40100000000001,0.1,,
1395,NER,2011,81.01974,119.516,0.1,,
1396,NER,2012,78.96129,124.27799999999999,0.1,,
1397,NER,2013,70.79529000000001,131.63299999999998,0.1,,
1398,NER,2014,69.41188000000001,136.773,0.1,,
1399,NER,2015,88.03175999999999,139.39,0.1,,
1400,NER,2016,85.45232,134.377,0.1,,
1401,NER,2017,78.07545999999999,128.29,0.1,,
1402,NER,2018,79.94757,125.527,0.1,,
1403,NER,2019,80.07251,127.141,,,
1404,NGA,2000,74.37424,272.094,0.4,,
1405,NGA,2005,67.58815,284.095,0.4,,
1406,NGA,2010,63.03525,291.969,0.4,,
1407,NGA,2011,64.98478,302.444,0.4,,
1408,NGA,2012,67.50742,322.941,0.4,,
1409,NGA,2013,59.790769999999995,343.955,0.5,,
1410,NGA,2014,59.59435,357.32599999999996,0.5,,
1411,NGA,2015,76.14579,361.86199999999997,0.5,,
1412,NGA,2016,69.72565999999999,353.106,0.5,,
1413,NGA,2017,69.19798,339.295,0.5,,
1414,NGA,2018,69.91085,335.096,0.5,,
1415,NGA,2019,70.49678,340.726,,,
1416,OMN,2000,42.99905,535.1,9.0,,
1417,OMN,2005,42.73702,496.76099999999997,10.0,,
1418,OMN,2010,40.99944,459.164,14.0,,
1419,OMN,2011,44.72844,447.279,15.1,,
1420,OMN,2012,46.538509999999995,430.69199999999995,15.6,,
1421,OMN,2013,43.99002,408.75699999999995,15.1,,
1422,OMN,2014,40.58845,385.69800000000004,14.9,,
1423,OMN,2015,43.83076,375.858,15.0,,
1424,OMN,2016,42.14535,370.176,14.5,,
1425,OMN,2017,43.754870000000004,357.31699999999995,14.0,,
1426,OMN,2018,44.02244,328.81300000000005,14.2,,
1427,OMN,2019,44.236740000000005,314.447,,,
1428,PAK,2000,59.043519999999994,343.51199999999994,0.7,,
1429,PAK,2005,56.403819999999996,375.152,0.7,,
1430,PAK,2010,60.831340000000004,440.33099999999996,0.7,,
1431,PAK,2011,61.23146,456.711,0.7,,
1432,PAK,2012,66.82359,478.162,0.7,,
1433,PAK,2013,68.28103,502.36199999999997,0.7,,
1434,PAK,2014,72.44944,519.696,0.7,,
1435,PAK,2015,68.38615,523.435,0.8,,
1436,PAK,2016,70.17214,517.32,0.8,,
1437,PAK,2017,63.06182,509.93,0.9,,
1438,PAK,2018,63.7003,510.04900000000004,0.9,,
1439,PAK,2019,63.86198,526.3530000000001,,,
1440,PAN,2000,16.646279999999997,147.226,1.6,,
1441,PAN,2005,16.05321,155.735,2.0,,
1442,PAN,2010,15.46795,162.293,2.4,,
1443,PAN,2011,15.47231,165.74400000000003,2.5,,
1444,PAN,2012,14.954410000000001,171.69099999999997,2.5,,
1445,PAN,2013,15.50353,177.30900000000003,2.5,,
1446,PAN,2014,15.48279,180.465,2.7,,
1447,PAN,2015,16.010360000000002,179.334,2.5,,
1448,PAN,2016,14.45899,169.685,2.5,,
1449,PAN,2017,13.89379,159.482,2.3,,
1450,PAN,2018,13.658629999999999,154.29399999999998,2.2,,
1451,PAN,2019,13.227910000000001,153.155,,,
1452,PNG,2000,16.35428,87.448,,,
1453,PNG,2005,14.776729999999999,88.296,,,
1454,PNG,2010,17.15304,111.766,,,
1455,PNG,2011,16.178929999999998,114.109,,,
1456,PNG,2012,15.842789999999999,116.286,,,
1457,PNG,2013,15.94115,117.757,,,
1458,PNG,2014,15.59246,119.234,,,
1459,PNG,2015,16.30094,121.064,,,
1460,PNG,2016,16.47782,122.09700000000001,,,
1461,PNG,2017,15.73559,124.285,,,
1462,PNG,2018,16.06621,128.685,,,
1463,PNG,2019,16.04683,134.518,,,
1464,PRY,2000,16.08525,113.13600000000001,0.6,,
1465,PRY,2005,15.188070000000002,120.853,0.6,,
1466,PRY,2010,15.258479999999999,138.496,0.8,,
1467,PRY,2011,16.05286,134.684,0.8,,
1468,PRY,2012,14.8363,130.458,0.8,,
1469,PRY,2013,14.71539,129.81799999999998,0.8,,
1470,PRY,2014,14.23329,124.21700000000001,0.8,,
1471,PRY,2015,12.61518,124.866,0.9,,
1472,PRY,2016,12.6022,135.166,1.0,,
1473,PRY,2017,12.8013,141.129,1.1,,
1474,PRY,2018,12.79902,144.60299999999998,1.2,,
1475,PRY,2019,12.84044,148.41,,,
1476,PER,2000,27.9094,199.12099999999998,1.0,,
1477,PER,2005,28.24894,192.137,1.0,,
1478,PER,2010,30.417690000000004,246.56400000000002,1.4,,
1479,PER,2011,29.672109999999996,251.97299999999998,1.5,,
1480,PER,2012,31.361959999999996,257.22700000000003,1.5,,
1481,PER,2013,29.944340000000004,261.846,1.5,,
1482,PER,2014,30.659779999999998,259.582,1.6,,
1483,PER,2015,31.004920000000002,258.758,1.6,,
1484,PER,2016,30.80497,260.66,1.7,,
1485,PER,2017,30.59305,263.54,1.6,,
1486,PER,2018,30.904940000000003,268.128,1.6,,
1487,PER,2019,31.0593,274.254,,,
1488,PHL,2000,28.22707,243.62099999999998,0.9,,
1489,PHL,2005,26.63846,283.222,0.8,,
1490,PHL,2010,23.76555,272.306,0.8,,
1491,PHL,2011,20.648889999999998,271.72700000000003,0.8,,
1492,PHL,2012,21.44246,273.33099999999996,0.8,,
1493,PHL,2013,21.65289,273.812,0.9,,
1494,PHL,2014,19.61448,275.759,1.0,,
1495,PHL,2015,19.520120000000002,281.189,1.0,,
1496,PHL,2016,20.01614,281.842,1.1,,
1497,PHL,2017,18.58331,283.712,1.2,,
1498,PHL,2018,18.688660000000002,287.762,1.2,,
1499,PHL,2019,18.79358,296.231,,,
1500,QAT,2000,79.18379,401.37800000000004,35.9,,
1501,QAT,2005,84.30941,338.655,38.4,,
1502,QAT,2010,80.45255,200.56099999999998,29.9,,
1503,QAT,2011,82.36154,190.88299999999998,30.9,,
1504,QAT,2012,87.42769,185.64,31.9,,
1505,QAT,2013,82.5521,183.11700000000002,30.5,,
1506,QAT,2014,73.81316,180.222,31.3,,
1507,QAT,2015,86.28376,175.40400000000002,31.1,,
1508,QAT,2016,77.2449,174.643,30.9,,
1509,QAT,2017,79.59911,176.31900000000002,30.9,,
1510,QAT,2018,78.21987,183.59900000000002,31.3,,
1511,QAT,2019,77.11195,191.37099999999998,,,
1512,ROU,2000,20.03516,853.813,3.8,,
1513,ROU,2005,18.85025,857.42,4.3,,
1514,ROU,2010,18.671979999999998,859.457,3.7,,
1515,ROU,2011,19.74343,809.5989999999999,4.0,,
1516,ROU,2012,18.07134,797.94,3.9,,
1517,ROU,2013,16.693179999999998,746.596,3.5,,
1518,ROU,2014,16.770570000000003,750.191,3.4,,
1519,ROU,2015,16.25701,734.971,3.5,,
1520,ROU,2016,15.27077,728.8889999999999,3.5,,
1521,ROU,2017,15.62483,731.0039999999999,3.6,,
1522,ROU,2018,15.39175,740.934,3.7,,
1523,ROU,2019,15.06436,752.331,,,
1524,RUS,2000,15.635539999999999,945.683,10.1,,
1525,RUS,2005,14.58661,941.052,10.3,,
1526,RUS,2010,15.52415,852.252,10.7,25.991,31.398000000000003
1527,RUS,2011,13.86517,782.053,11.2,25.340999999999998,30.987
1528,RUS,2012,13.883029999999998,736.2510000000001,11.2,23.918000000000003,30.701
1529,RUS,2013,14.129029999999998,684.065,10.9,23.662,29.765
1530,RUS,2014,14.15678,652.559,10.8,23.305999999999997,28.493000000000002
1531,RUS,2015,13.084710000000001,608.6,10.6,23.273000000000003,28.883000000000003
1532,RUS,2016,12.3677,554.254,10.5,23.775,28.241999999999997
1533,RUS,2017,11.70067,495.67199999999997,10.6,,
1534,RUS,2018,11.81241,493.99199999999996,11.0,24.124000000000002,25.385
1535,RUS,2019,11.777389999999999,506.773,,,
1536,RWA,2000,38.83035,137.262,,,
1537,RWA,2005,35.85893,126.75299999999999,,,
1538,RWA,2010,36.31515,116.991,,,
1539,RWA,2011,37.79784,119.416,,,
1540,RWA,2012,40.33567,125.32799999999999,,,
1541,RWA,2013,38.08964,124.835,,,
1542,RWA,2014,37.80641,129.691,,,
1543,RWA,2015,38.688990000000004,131.829,,,
1544,RWA,2016,38.52852,130.19899999999998,,,
1545,RWA,2017,35.60544,128.351,,,
1546,RWA,2018,36.69867,132.261,,,
1547,RWA,2019,36.22432,139.115,,,
1548,SAU,2000,60.6148,515.65,11.4,,
1549,SAU,2005,62.94388000000001,538.347,12.5,,
1550,SAU,2010,65.71981,540.2819999999999,15.3,,
1551,SAU,2011,67.38528000000001,527.639,15.4,,
1552,SAU,2012,70.38687,517.602,15.9,,
1553,SAU,2013,67.84979,514.738,15.7,,
1554,SAU,2014,59.13684,510.788,16.4,,
1555,SAU,2015,69.61744,513.359,16.8,,
1556,SAU,2016,62.20881,511.036,16.3,,
1557,SAU,2017,66.60413,511.045,15.6,,
1558,SAU,2018,64.48388,514.485,14.6,,
1559,SAU,2019,64.06007,520.399,,,
1560,SEN,2000,63.51044,204.489,0.4,,
1561,SEN,2005,57.169369999999994,217.18,0.4,,
1562,SEN,2010,56.378009999999996,194.637,0.4,,
1563,SEN,2011,58.066669999999995,197.18599999999998,0.4,,
1564,SEN,2012,64.83018,198.61,0.4,,
1565,SEN,2013,53.1099,205.06099999999998,0.4,,
1566,SEN,2014,55.268069999999994,216.31,0.5,,
1567,SEN,2015,65.31429,219.96599999999998,0.5,,
1568,SEN,2016,59.40413,221.204,0.5,,
1569,SEN,2017,63.548869999999994,217.007,0.5,,
1570,SEN,2018,60.05836,208.93,0.5,,
1571,SEN,2019,60.174980000000005,206.549,,,
1572,SLE,2000,50.543479999999995,186.09,,,
1573,SLE,2005,49.892179999999996,179.56099999999998,,,
1574,SLE,2010,46.45754,165.982,,,
1575,SLE,2011,51.27498,169.893,,,
1576,SLE,2012,49.78597,180.717,,,
1577,SLE,2013,44.32868,191.87099999999998,,,
1578,SLE,2014,46.32417,199.38099999999997,,,
1579,SLE,2015,55.32444,200.575,,,
1580,SLE,2016,54.077380000000005,193.77700000000002,,,
1581,SLE,2017,50.40229,189.699,,,
1582,SLE,2018,51.05065,191.697,,,
1583,SLE,2019,51.27564,197.282,,,
1584,SGP,2000,19.04962,249.252,10.5,,
1585,SGP,2005,16.44764,205.80599999999998,8.7,,
1586,SGP,2010,15.728320000000002,169.15900000000002,8.4,,
1587,SGP,2011,16.7953,170.412,8.6,,
1588,SGP,2012,17.97934,179.62599999999998,8.2,,
1589,SGP,2013,19.07799,189.412,8.1,,
1590,SGP,2014,17.97631,198.65400000000002,8.1,,
1591,SGP,2015,18.61205,203.979,8.2,,
1592,SGP,2016,17.92032,207.484,8.2,,
1593,SGP,2017,18.788320000000002,211.139,8.5,,
1594,SGP,2018,18.721529999999998,221.115,8.4,,
1595,SGP,2019,19.0006,229.53099999999998,,,
1596,SVN,2000,22.33565,582.246,7.1,29.838,47.055
1597,SVN,2005,21.21855,497.635,7.7,27.924,20.176
1598,SVN,2010,19.3096,422.156,7.5,23.674,5.084
1599,SVN,2011,21.068379999999998,414.221,7.5,23.116999999999997,5.5489999999999995
1600,SVN,2012,18.71353,414.902,7.2,22.349,5.1579999999999995
1601,SVN,2013,18.53574,404.036,6.9,21.081,4.651
1602,SVN,2014,18.179679999999998,376.961,6.2,18.815,3.7089999999999996
1603,SVN,2015,18.02835,390.725,6.2,16.994,2.6319999999999997
1604,SVN,2016,16.6265,375.43199999999996,6.6,17.401,2.244
1605,SVN,2017,16.80657,374.769,6.6,16.295,2.3569999999999998
1606,SVN,2018,17.18076,383.491,6.6,16.271,2.3040000000000003
1607,SVN,2019,17.06109,396.10400000000004,6.3,,
1608,SOM,2000,30.19043,53.791000000000004,,,
1609,SOM,2005,26.52488,45.048,,,
1610,SOM,2010,27.91185,49.199,,,
1611,SOM,2011,30.483209999999996,48.898,,,
1612,SOM,2012,31.454340000000002,48.443999999999996,,,
1613,SOM,2013,30.19732,48.03,,,
1614,SOM,2014,28.862440000000003,47.633,,,
1615,SOM,2015,28.622190000000003,47.475,,,
1616,SOM,2016,28.16013,48.651,,,
1617,SOM,2017,29.940640000000002,49.187,,,
1618,SOM,2018,29.68467,49.725,,,
1619,SOM,2019,30.14888,49.75899999999999,,,
1620,ZAF,2000,28.52572,465.88800000000003,6.2,,
1621,ZAF,2005,26.71808,466.27099999999996,7.8,,
1622,ZAF,2010,29.37227,502.939,8.2,,
1623,ZAF,2011,29.38772,490.473,7.8,,
1624,ZAF,2012,29.056009999999997,479.699,8.0,,
1625,ZAF,2013,28.640359999999998,473.57199999999995,8.1,,
1626,ZAF,2014,28.8292,479.435,8.1,,
1627,ZAF,2015,29.02988,482.783,7.6,,
1628,ZAF,2016,28.49297,476.91,7.5,,
1629,ZAF,2017,28.58338,467.12,7.5,,
1630,ZAF,2018,28.44415,435.89300000000003,7.4,,
1631,ZAF,2019,28.325290000000003,423.414,,,
1632,LKA,2000,24.24258,245.266,0.6,,
1633,LKA,2005,24.077679999999997,281.44,0.7,,
1634,LKA,2010,24.66413,334.27099999999996,0.6,,
1635,LKA,2011,21.55997,337.996,0.7,,
1636,LKA,2012,22.40731,329.51599999999996,0.8,,
1637,LKA,2013,23.00444,311.91700000000003,0.7,,
1638,LKA,2014,20.95416,307.986,0.8,,
1639,LKA,2015,18.93451,300.444,0.9,,
1640,LKA,2016,20.75228,311.892,1.0,,
1641,LKA,2017,19.91456,326.98900000000003,1.0,,
1642,LKA,2018,19.69182,329.875,1.0,,
1643,LKA,2019,19.962770000000003,340.711,,,
1644,SDN,2000,51.101490000000005,234.071,0.2,,
1645,SDN,2005,52.333859999999994,257.402,0.3,,
1646,SDN,2010,53.86338000000001,297.202,0.3,,
1647,SDN,2011,55.509609999999995,303.157,0.3,,
1648,SDN,2012,56.02718,311.041,0.4,,
1649,SDN,2013,53.521069999999995,317.495,0.4,,
1650,SDN,2014,47.66689,326.026,0.4,,
1651,SDN,2015,53.886390000000006,335.52099999999996,0.4,,
1652,SDN,2016,52.37467,346.902,0.5,,
1653,SDN,2017,54.744040000000005,359.82,0.5,,
1654,SDN,2018,55.0211,373.519,0.4,,
1655,SDN,2019,56.03598,388.11,,,
1656,SWZ,2000,24.84346,219.748,,,
1657,SWZ,2005,23.126179999999998,271.991,,,
1658,SWZ,2010,23.90012,293.725,,,
1659,SWZ,2011,23.10746,288.89099999999996,,,
1660,SWZ,2012,23.44877,288.884,,,
1661,SWZ,2013,23.386770000000002,287.527,,,
1662,SWZ,2014,23.126620000000003,285.988,,,
1663,SWZ,2015,23.47879,286.121,,,
1664,SWZ,2016,22.1108,286.981,,,
1665,SWZ,2017,23.43572,289.363,,,
1666,SWZ,2018,23.20816,293.312,,,
1667,SWZ,2019,23.366989999999998,298.983,,,
1668,SYR,2000,30.198040000000002,455.162,2.3,,
1669,SYR,2005,31.5019,411.92199999999997,2.9,,
1670,SYR,2010,35.95028,451.921,2.7,,
1671,SYR,2011,33.15136,479.16,2.5,,
1672,SYR,2012,32.05305,499.63300000000004,2.1,,
1673,SYR,2013,33.53665,523.269,1.5,,
1674,SYR,2014,33.02315,542.819,1.4,,
1675,SYR,2015,34.37839,557.749,1.3,,
1676,SYR,2016,32.21697,558.3480000000001,1.4,,
1677,SYR,2017,31.77951,564.54,1.6,,
1678,SYR,2018,31.74874,578.7230000000001,1.5,,
1679,SYR,2019,31.334870000000002,595.102,,,
1680,TJK,2000,42.69636,396.954,0.4,,
1681,TJK,2005,33.97729,403.37,0.3,,
1682,TJK,2010,36.07439,449.661,0.3,,
1683,TJK,2011,48.112629999999996,466.14,0.3,,
1684,TJK,2012,42.88446,480.839,0.4,,
1685,TJK,2013,44.09017,492.717,0.4,,
1686,TJK,2014,41.35597,513.143,0.5,,
1687,TJK,2015,40.698029999999996,527.143,0.5,,
1688,TJK,2016,39.808690000000006,534.62,0.6,,
1689,TJK,2017,40.08521,532.623,0.7,,
1690,TJK,2018,39.74453,515.625,0.7,,
1691,TJK,2019,39.906290000000006,510.444,,,
1692,TZA,2000,24.37967,95.249,0.1,,
1693,TZA,2005,24.80627,97.27600000000001,0.1,,
1694,TZA,2010,26.356890000000003,109.35,0.1,,
1695,TZA,2011,28.162440000000004,111.06,0.2,,
1696,TZA,2012,28.81121,114.663,0.2,,
1697,TZA,2013,27.7554,116.209,0.2,,
1698,TZA,2014,27.1181,114.97,0.2,,
1699,TZA,2015,28.257509999999996,115.339,0.2,,
1700,TZA,2016,27.705,111.39299999999999,0.2,,
1701,TZA,2017,25.23024,107.475,0.2,,
1702,TZA,2018,25.38118,106.21700000000001,0.2,,
1703,TZA,2019,24.603270000000002,107.54,,,
1704,THA,2000,34.533390000000004,362.582,2.4,,
1705,THA,2005,35.2934,376.403,3.1,,
1706,THA,2010,35.46658,414.01300000000003,3.3,,
1707,THA,2011,29.95337,411.629,3.3,,
1708,THA,2012,31.36545,403.358,3.5,,
1709,THA,2013,33.799690000000005,393.53,3.6,,
1710,THA,2014,29.414820000000002,392.163,3.6,,
1711,THA,2015,28.04208,395.964,3.6,,
1712,THA,2016,30.6404,411.68,3.5,,
1713,THA,2017,26.879820000000002,421.95599999999996,3.5,,
1714,THA,2018,27.415779999999998,440.29,3.5,,
1715,THA,2019,27.322909999999997,462.915,,,
1716,TLS,2000,17.3649,58.614,,,
1717,TLS,2005,16.82914,79.303,,,
1718,TLS,2010,17.42768,118.09200000000001,,,
1719,TLS,2011,16.5785,126.529,,,
1720,TLS,2012,17.346829999999997,133.386,,,
1721,TLS,2013,16.25677,138.787,,,
1722,TLS,2014,16.32515,144.028,,,
1723,TLS,2015,15.903220000000001,150.793,,,
1724,TLS,2016,17.09592,154.733,,,
1725,TLS,2017,15.801070000000001,157.786,,,
1726,TLS,2018,15.62444,160.543,,,
1727,TLS,2019,15.75327,162.516,,,
1728,TGO,2000,51.11265,176.354,0.2,,
1729,TGO,2005,43.65935,154.31799999999998,0.2,,
1730,TGO,2010,43.63082,166.297,0.3,,
1731,TGO,2011,43.668079999999996,171.838,0.3,,
1732,TGO,2012,45.3517,180.65400000000002,0.2,,
1733,TGO,2013,40.453140000000005,189.933,0.2,,
1734,TGO,2014,40.825340000000004,197.859,0.2,,
1735,TGO,2015,51.07339,201.304,0.1,,
1736,TGO,2016,48.394,198.50400000000002,0.2,,
1737,TGO,2017,46.632690000000004,195.793,0.2,,
1738,TGO,2018,46.376259999999995,195.137,0.2,,
1739,TGO,2019,46.12588,200.12900000000002,,,
1740,TTO,2000,21.711560000000002,573.8580000000001,7.7,,
1741,TTO,2005,19.50025,505.921,13.1,,
1742,TTO,2010,20.22537,496.475,15.8,,
1743,TTO,2011,19.91838,491.43,16.1,,
1744,TTO,2012,20.30659,489.934,15.4,,
1745,TTO,2013,20.49814,524.827,15.8,,
1746,TTO,2014,20.74473,553.969,15.6,,
1747,TTO,2015,22.47205,576.295,15.0,,
1748,TTO,2016,21.859,591.83,12.8,,
1749,TTO,2017,21.482770000000002,595.514,12.7,,
1750,TTO,2018,21.97888,612.837,12.4,,
1751,TTO,2019,22.07242,638.644,,,
1752,TUN,2000,34.15377,558.266,1.8,,
1753,TUN,2005,31.796609999999998,563.989,1.9,,
1754,TUN,2010,34.268,621.3,2.2,,
1755,TUN,2011,31.24561,622.446,2.1,,
1756,TUN,2012,30.512959999999996,620.168,2.2,,
1757,TUN,2013,29.88004,618.4490000000001,2.2,,
1758,TUN,2014,32.64765,614.585,2.3,,
1759,TUN,2015,31.14382,612.591,2.3,,
1760,TUN,2016,32.86101,609.773,2.2,,
1761,TUN,2017,29.93905,610.325,2.3,,
1762,TUN,2018,30.731109999999997,617.0980000000001,2.3,,
1763,TUN,2019,30.550620000000002,627.556,,,
1764,TKM,2000,27.665440000000004,659.342,8.1,,
1765,TKM,2005,21.499489999999998,622.068,10.1,,
1766,TKM,2010,25.56749,569.957,11.2,,
1767,TKM,2011,31.294929999999997,585.34,11.9,,
1768,TKM,2012,29.85535,596.201,12.2,,
1769,TKM,2013,29.83939,617.55,12.2,,
1770,TKM,2014,29.762179999999997,632.994,12.3,,
1771,TKM,2015,27.998720000000002,640.315,12.4,,
1772,TKM,2016,27.205990000000003,628.749,12.2,,
1773,TKM,2017,26.344929999999998,611.182,12.0,,
1774,TKM,2018,25.76408,609.664,11.8,,
1775,TKM,2019,25.309060000000002,602.374,,,
1776,UGA,2000,39.97868,87.613,,,
1777,UGA,2005,36.4343,92.744,,,
1778,UGA,2010,38.86261,102.758,,,
1779,UGA,2011,41.648990000000005,106.93700000000001,,,
1780,UGA,2012,42.85821,113.23899999999999,,,
1781,UGA,2013,42.08482,121.69,,,
1782,UGA,2014,40.81954,126.694,,,
1783,UGA,2015,43.20758,124.074,,,
1784,UGA,2016,41.77337,121.89200000000001,,,
1785,UGA,2017,38.54776,112.162,,,
1786,UGA,2018,37.21456,108.07700000000001,,,
1787,UGA,2019,35.2285,103.67200000000001,,,
1788,UKR,2000,19.643179999999997,1243.653,6.0,,
1789,UKR,2005,19.20767,1338.859,6.2,,
1790,UKR,2010,19.09176,1182.525,5.8,,
1791,UKR,2011,18.42331,1131.1480000000001,6.1,,
1792,UKR,2012,17.79873,1113.192,6.0,,
1793,UKR,2013,17.92219,1078.161,5.8,,
1794,UKR,2014,17.51999,986.789,5.2,,
1795,UKR,2015,16.88095,1125.826,4.2,,
1796,UKR,2016,15.11815,1010.954,4.4,,
1797,UKR,2017,14.6986,946.671,3.8,,
1798,UKR,2018,14.78515,973.57,4.1,,
1799,UKR,2019,14.70064,975.9889999999999,,,
1800,ARE,2000,42.67362,305.879,25.5,,
1801,ARE,2005,42.09078,250.479,24.2,,
1802,ARE,2010,42.54867,184.50099999999998,18.1,,
1803,ARE,2011,45.0258,198.018,17.7,,
1804,ARE,2012,46.58007,214.02700000000002,18.4,,
1805,ARE,2013,43.3845,230.38400000000001,19.2,,
1806,ARE,2014,40.7299,239.872,19.1,,
1807,ARE,2015,45.18947,259.004,20.1,,
1808,ARE,2016,42.79195,274.922,20.5,,
1809,ARE,2017,43.03017,291.985,21.1,,
1810,ARE,2018,43.20993,311.953,20.0,,
1811,ARE,2019,43.0844,333.01599999999996,,,
1812,URY,2000,10.17959,255.19099999999997,1.6,,
1813,URY,2005,9.15789,215.81400000000002,1.6,,
1814,URY,2010,9.475589999999999,209.76,1.8,,
1815,URY,2011,9.742510000000001,218.165,2.1,,
1816,URY,2012,9.36476,220.304,2.4,,
1817,URY,2013,10.37529,219.985,2.1,,
1818,URY,2014,9.93238,218.998,1.8,,
1819,URY,2015,9.96884,221.763,1.8,,
1820,URY,2016,9.92336,215.047,1.8,,
1821,URY,2017,9.57563,210.273,1.7,,
1822,URY,2018,9.61625,210.55,1.8,,
1823,URY,2019,9.57094,211.845,,,
1824,UZB,2000,38.62956,771.308,4.9,,
1825,UZB,2005,32.71155,802.546,4.3,,
1826,UZB,2010,33.6145,776.395,4.2,,
1827,UZB,2011,43.03611,800.4939999999999,4.2,,
1828,UZB,2012,40.45578,823.275,3.6,,
1829,UZB,2013,41.04126,831.334,3.6,,
1830,UZB,2014,38.91105,839.0939999999999,3.3,,
1831,UZB,2015,36.99091,839.4860000000001,3.1,,
1832,UZB,2016,36.67223,831.587,3.2,,
1833,UZB,2017,36.61596,825.275,3.3,,
1834,UZB,2018,36.34037,821.1189999999999,3.3,,
1835,UZB,2019,36.352,811.529,,,
1836,VEN,2000,21.88607,258.166,5.0,,
1837,VEN,2005,21.32626,268.973,5.3,,
1838,VEN,2010,23.46386,320.127,5.5,,
1839,VEN,2011,24.810570000000002,325.718,5.2,,
1840,VEN,2012,22.87687,335.601,5.5,,
1841,VEN,2013,22.95083,331.67800000000005,5.3,,
1842,VEN,2014,22.35515,334.73400000000004,5.2,,
1843,VEN,2015,22.65819,338.346,4.7,,
1844,VEN,2016,22.272679999999998,353.014,4.3,,
1845,VEN,2017,21.887439999999998,367.227,4.2,,
1846,VEN,2018,22.1235,387.39300000000003,3.9,,
1847,VEN,2019,22.215239999999998,430.519,,,
1848,VNM,2000,25.54964,204.507,0.6,,
1849,VNM,2005,26.220809999999997,286.91900000000004,0.9,,
1850,VNM,2010,27.1181,377.409,1.4,,
1851,VNM,2011,23.77469,379.87,1.4,,
1852,VNM,2012,23.585820000000002,378.79,1.4,,
1853,VNM,2013,25.17827,376.57199999999995,1.4,,
1854,VNM,2014,22.26175,373.542,1.6,,
1855,VNM,2015,21.72136,370.51,2.0,,
1856,VNM,2016,22.421429999999997,369.38699999999994,2.1,,
1857,VNM,2017,20.33531,370.405,2.0,,
1858,VNM,2018,20.364729999999998,377.043,2.4,,
1859,VNM,2019,20.19471,388.53,,,
1860,YEM,2000,48.82196,242.886,0.8,,
1861,YEM,2005,43.66218,271.327,0.9,,
1862,YEM,2010,44.8245,318.676,1.0,,
1863,YEM,2011,49.06382,329.852,0.8,,
1864,YEM,2012,54.55899,341.269,0.7,,
1865,YEM,2013,51.55041,353.399,1.0,,
1866,YEM,2014,43.85524,359.852,0.9,,
1867,YEM,2015,48.46628,367.85900000000004,0.4,,
1868,YEM,2016,45.154340000000005,370.824,0.4,,
1869,YEM,2017,46.6112,376.217,0.3,,
1870,YEM,2018,45.31726,382.089,0.3,,
1871,YEM,2019,44.64506,386.895,,,
1872,ZMB,2000,26.7331,129.269,0.2,,
1873,ZMB,2005,26.16366,129.306,0.2,,
1874,ZMB,2010,27.109009999999998,147.686,0.2,,
1875,ZMB,2011,28.207859999999997,152.384,0.2,,
1876,ZMB,2012,28.455890000000004,156.561,0.2,,
1877,ZMB,2013,27.374740000000003,161.143,0.2,,
1878,ZMB,2014,27.435840000000002,163.99,0.3,,
1879,ZMB,2015,28.35737,164.872,0.3,,
1880,ZMB,2016,27.47525,163.297,0.3,,
1881,ZMB,2017,26.248859999999997,161.841,0.4,,
1882,ZMB,2018,26.373359999999998,161.968,0.4,,
1883,ZMB,2019,25.92371,164.885,,,
1884,ZWE,2000,23.94027,171.79,1.1,,
1885,ZWE,2005,23.64034,185.44099999999997,0.9,,
1886,ZWE,2010,24.6478,188.832,0.7,,
1887,ZWE,2011,26.335440000000002,189.44799999999998,0.9,,
1888,ZWE,2012,26.36427,192.112,0.9,,
1889,ZWE,2013,25.577679999999997,195.16400000000002,0.9,,
1890,ZWE,2014,26.2316,199.854,0.9,,
1891,ZWE,2015,25.9843,201.59599999999998,0.9,,
1892,ZWE,2016,25.39554,194.173,0.7,,
1893,ZWE,2017,22.613329999999998,184.794,0.7,,
1894,ZWE,2018,22.10827,180.00599999999997,0.8,,
1895,ZWE,2019,20.84664,177.91400000000002,,,
1896,SRB,2000,33.27918,1288.022,5.3,,
1897,SRB,2005,31.472040000000003,1405.3729999999998,6.8,,
1898,SRB,2010,31.88167,1399.764,6.3,,
1899,SRB,2011,34.44342,1361.264,6.9,,
1900,SRB,2012,30.95045,1330.828,6.2,,
1901,SRB,2013,29.07945,1305.4389999999999,6.3,,
1902,SRB,2014,28.552979999999998,1291.684,5.3,,
1903,SRB,2015,28.190540000000002,1272.6480000000001,6.3,,
1904,SRB,2016,25.575470000000003,1213.368,6.4,,
1905,SRB,2017,26.64333,1207.067,6.6,,
1906,SRB,2018,26.07339,1213.698,6.4,,
1907,SRB,2019,25.50415,1210.396,,,
1908,MNE,2000,30.2318,882.98,,,
1909,MNE,2005,27.5876,972.4739999999999,3.3,,
1910,MNE,2010,26.1283,986.905,4.2,,
1911,MNE,2011,29.0877,986.673,4.1,,
1912,MNE,2012,27.2462,976.9169999999999,3.8,,
1913,MNE,2013,25.1077,978.2330000000001,3.7,,
1914,MNE,2014,24.8871,980.3760000000001,3.6,,
1915,MNE,2015,24.4993,978.3480000000001,3.8,,
1916,MNE,2016,22.283,960.518,3.4,,
1917,MNE,2017,22.9835,943.336,3.6,,
1918,MNE,2018,22.7616,917.372,4.0,,
1919,MNE,2019,22.3224,898.8710000000001,,,
1920,TUR,2000,27.6674,464.32099999999997,3.1,23.339000000000002,34.939
1921,TUR,2005,26.673109999999998,438.014,3.2,19.065,29.14
1922,TUR,2010,30.00437,541.594,3.7,13.026,34.813
1923,TUR,2011,28.610529999999997,541.5740000000001,3.9,12.884,35.324
1924,TUR,2012,28.12718,538.857,4.0,11.039000000000001,35.595
1925,TUR,2013,28.84396,544.616,3.7,10.524000000000001,25.11
1926,TUR,2014,28.78455,549.376,4.0,10.197000000000001,27.362
1927,TUR,2015,29.597170000000002,543.182,4.1,10.032,24.426
1928,TUR,2016,28.716929999999998,528.04,4.3,9.927999999999999,27.784000000000002
1929,TUR,2017,27.15912,511.046,4.7,9.478,28.706
1930,TUR,2018,27.402929999999998,500.73800000000006,4.6,9.413,30.296999999999997
1931,TUR,2019,26.850690000000004,499.227,4.5,,
1932,PSE,2000,33.136140000000005,352.967,,,
1933,PSE,2005,34.39745,377.44199999999995,,,
1934,PSE,2010,37.66551,379.51,,,
1935,PSE,2011,35.37191,376.37300000000005,,,
1936,PSE,2012,34.26412,360.083,,,
1937,PSE,2013,37.44363,356.07800000000003,,,
1938,PSE,2014,36.05438,371.397,,,
1939,PSE,2015,36.77375,381.296,,,
1940,PSE,2016,32.76551,370.686,,,
1941,PSE,2017,33.44208,358.36800000000005,,,
1942,PSE,2018,33.18445,356.529,,,
1943,PSE,2019,32.55579,359.279,,,
1944,TWN,2000,24.5638,378.653,9.5,,
1945,TWN,2005,24.4981,409.085,10.6,,
1946,TWN,2010,22.9156,386.548,10.5,,
1947,TWN,2011,25.5922,411.25199999999995,10.6,,
1948,TWN,2012,25.7891,423.99,10.4,,
1949,TWN,2013,27.1923,437.501,10.4,,
1950,TWN,2014,26.9121,468.91,10.6,,
1951,TWN,2015,26.3571,474.04900000000004,10.6,,
1952,TWN,2016,23.3962,475.284,10.8,,
1953,TWN,2017,23.4472,464.905,11.0,,
1954,TWN,2018,23.8034,473.38800000000003,10.8,,
1955,TWN,2019,23.5335,487.4,,,
